CT.POS,CAMERA.ID,ORIENT,GAIT,DIST,LOIT,TRIGGER,CAPTURE,WATER,AIR,ABS.DIFF
BW,A,P,W,1,0,1,1,9.57,12.48,2.91
BW,BS,P,W,1,0,1,1,9.57,12.48,2.91
BW,BV,P,W,1,0,1,1,9.57,12.48,2.91
C,A,L,W,3,0,1,1,9.57,12.48,2.91
C,BV,L,W,3,0,1,0,9.57,12.48,2.91
C,BS,L,W,3,0,1,1,9.57,12.48,2.91
BL,A,L,W,2,0,1,1,9.57,12.48,2.91
BL,BV,L,W,2,0,1,0,9.57,12.48,2.91
BL,BS,L,W,2,0,1,1,9.57,12.48,2.91
A,A,L,W,7,1,0,NA,9.57,12.48,2.91
A,BV,L,W,7,1,0,NA,9.57,12.48,2.91
A,BS,L,W,7,1,1,1,9.57,12.48,2.91
BL,A,L,W,1,1,1,1,9.57,12.48,2.91
BL,BS,L,W,1,1,1,1,9.57,12.48,2.91
BL,BV,L,W,1,1,1,1,9.57,12.48,2.91
C,A,L,W,3,0,0,NA,9.57,12.48,2.91
C,BS,L,W,3,0,1,1,9.57,12.48,2.91
C,BV,L,W,3,0,1,1,9.57,12.48,2.91
BW,A,P,W,1,1,1,1,9.57,12.48,2.91
BW,BS,P,W,1,1,1,1,9.57,12.48,2.91
BW,BV,P,W,1,1,1,1,9.57,12.48,2.91
C,A,L,W,7,0,0,NA,9.57,12.64,3.07
C,BS,L,W,7,0,0,NA,9.57,12.64,3.07
C,BV,L,W,7,0,0,NA,9.57,12.64,3.07
BL,A,L,W,10,1,0,NA,9.57,12.64,3.07
BL,BS,L,W,10,1,0,NA,9.57,12.64,3.07
BL,BV,L,W,10,1,0,NA,9.57,12.64,3.07
BL,A,L,W,10,0,0,NA,9.57,12.64,3.07
BL,BS,L,W,10,0,0,NA,9.57,12.64,3.07
BL,BV,L,W,10,0,0,NA,9.57,12.64,3.07
A,A,A,W,3,0,0,NA,9.57,12.64,3.07
A,BS,A,W,3,0,0,NA,9.57,12.64,3.07
A,BV,A,W,3,0,0,NA,9.57,12.64,3.07
C,A,L,W,5,0,0,NA,9.57,12.64,3.07
C,BS,L,W,5,0,0,NA,9.57,12.64,3.07
C,BV,L,W,5,0,0,NA,9.57,12.64,3.07
BW,A,L,W,2.5,0,0,NA,9.57,12.64,3.07
BW,BS,L,W,2.5,1,1,1,9.57,12.64,3.07
BW,BV,L,W,2.5,1,1,1,9.57,12.64,3.07
A,A,L,W,1,0,1,0,9.57,12.64,3.07
A,BS,L,W,1,0,0,NA,9.57,12.64,3.07
A,BV,L,W,1,0,1,0,9.57,12.64,3.07
C,A,L,W,7,0,0,NA,9.57,12.64,3.07
C,BS,L,W,7,0,0,NA,9.57,12.64,3.07
C,BV,L,W,7,0,0,NA,9.57,12.64,3.07
A,A,L,W,1,0,1,1,9.57,12.64,3.07
A,BS,L,W,1,1,0,NA,9.57,12.64,3.07
A,BV,L,W,1,1,1,1,9.57,12.64,3.07
A,A,L,W,2.5,1,1,0,9.57,12.64,3.07
A,BS,L,W,2.5,1,1,1,9.57,12.64,3.07
A,BV,L,W,2.5,1,1,1,9.57,12.64,3.07
C,A,L,W,4.5,1,0,NA,9.57,12.64,3.07
C,BS,L,W,4.5,1,0,NA,9.57,12.64,3.07
C,BV,L,W,4.5,1,1,0,9.57,12.64,3.07
A,A,L,T,3,0,1,1,9.67,12.28,2.61
A,BS,L,T,3,0,1,1,9.67,12.28,2.61
A,BV,L,T,3,0,1,1,9.67,12.28,2.61
C,A,L,T,4,0,0,NA,9.67,12.28,2.61
C,BS,L,T,4,0,0,NA,9.67,12.28,2.61
C,BV,L,T,4,0,0,NA,9.67,12.28,2.61
C,A,L,W,7,0,0,NA,9.67,12.28,2.61
C,BS,L,W,7,0,0,NA,9.67,12.28,2.61
C,BV,L,W,7,0,0,NA,9.67,12.28,2.61
C,A,L,W,7,0,0,NA,9.67,12.28,2.61
C,BS,L,W,7,0,0,NA,9.67,12.28,2.61
C,BV,L,W,7,0,0,NA,9.67,12.28,2.61
BL,A,L,W,10,0,0,NA,9.67,12.28,2.61
BL,BS,L,W,10,0,0,NA,9.67,12.28,2.61
BL,BV,L,W,10,0,0,NA,9.67,12.28,2.61
BL,A,L,R,10,0,0,NA,9.77,11.3,1.53
BL,BS,L,R,10,0,0,NA,9.77,11.3,1.53
BL,BV,L,R,10,0,0,NA,9.77,11.3,1.53
A,A,L,W,2,0,1,1,9.77,11.3,1.53
A,BS,L,W,2,0,1,1,9.77,11.3,1.53
A,BV,L,W,2,0,1,0,9.77,11.3,1.53
BL,A,L,W,1,0,1,1,9.77,11.3,1.53
BL,BS,L,W,1,0,1,1,9.77,11.3,1.53
BL,BV,L,W,1,0,1,1,9.77,11.3,1.53
C,A,A,W,NA,1,1,1,9.77,11.3,1.53
C,BS,A,W,NA,1,1,1,9.77,11.3,1.53
C,BV,A,W,NA,1,1,1,9.77,11.3,1.53
BL,A,L,W,1,1,1,1,9.77,11.3,1.53
BL,BS,L,W,1,1,1,1,9.77,11.3,1.53
BL,BV,L,W,1,1,1,1,9.77,11.3,1.53
A,A,L,W,4,0,0,NA,9.77,9.47,0.3
A,BS,L,W,4,0,1,1,9.77,9.47,0.3
A,BV,L,W,4,0,1,1,9.77,9.47,0.3
C,A,L,W,3,0,1,1,9.77,9.47,0.3
C,BS,L,W,3,0,0,NA,9.77,9.47,0.3
C,BV,L,W,3,0,1,1,9.77,9.47,0.3
BW,A,P,W,1,0,1,1,9.77,9.47,0.3
BW,BS,P,W,1,0,1,1,9.77,9.47,0.3
BW,BV,P,W,1,0,1,1,9.77,9.47,0.3
BW,A,A,W,2.5,0,0,NA,9.77,9.47,0.3
BW,BS,A,W,2.5,0,0,NA,9.77,9.47,0.3
BW,BV,A,W,2.5,0,1,1,9.77,9.47,0.3
A,A,L,T,3,0,0,NA,9.77,9.47,0.3
A,BS,L,T,3,0,1,1,9.77,9.47,0.3
A,BV,L,T,3,0,1,0,9.77,9.47,0.3
BW,A,P,T,1,0,0,NA,9.77,9.47,0.3
BW,BS,P,T,1,0,0,NA,9.77,9.47,0.3
BW,BV,P,T,1,0,0,NA,9.77,9.47,0.3
C,A,L,T,3.5,0,0,NA,9.77,9.47,0.3
C,BS,L,T,3.5,0,0,NA,9.77,9.47,0.3
C,BV,L,T,3.5,0,1,0,9.77,9.47,0.3
A,A,L,T,3,0,1,0,9.77,9.27,0.5
A,BS,L,T,3,0,1,1,9.77,9.27,0.5
A,BV,L,T,3,0,0,NA,9.77,9.27,0.5
C,A,L,T,3,0,0,NA,9.77,9.27,0.5
C,BS,L,T,3,0,0,NA,9.77,9.27,0.5
C,BV,L,T,3,0,0,NA,9.77,9.27,0.5
BW,A,A,T,2.5,0,0,NA,9.77,9.27,0.5
BW,BS,A,T,2.5,0,0,NA,9.77,9.27,0.5
BW,BV,A,T,2.5,0,0,NA,9.77,9.27,0.5
BL,A,P,W,1,1,1,NA,9.77,9.27,0.5
BL,BS,P,W,1,1,1,NA,9.77,9.27,0.5
BL,BV,P,W,1,1,0,NA,9.77,9.27,0.5
C,A,L,W,4,0,1,0,9.87,9.39,0.48
C,BS,L,W,4,0,1,1,9.87,9.39,0.48
C,BV,L,W,4,0,1,1,9.87,9.39,0.48
C,A,L,T,2,0,1,0,9.87,9.39,0.48
C,BS,L,T,2,0,0,NA,9.87,9.39,0.48
C,BV,L,T,2,0,1,0,9.87,9.39,0.48
A,A,L,R,5.5,0,1,0,9.87,9.39,0.48
A,BS,L,R,5.5,0,1,0,9.87,9.39,0.48
A,BV,L,R,5.5,0,0,NA,9.87,9.39,0.48
C,A,L,W,2.5,1,0,NA,9.87,9.39,0.48
C,BS,L,W,2.5,1,1,1,9.87,9.39,0.48
C,BV,L,W,2.5,1,1,1,9.87,9.39,0.48
A,A,L,W,4,0,0,NA,9.87,9.39,0.48
A,BS,L,W,4,0,1,1,9.87,9.39,0.48
A,BV,L,W,4,0,1,1,9.87,9.39,0.48
BW,A,P,T,1,0,1,1,9.87,9.39,0.48
BW,BS,P,T,1,0,1,1,9.87,9.39,0.48
BW,BV,P,T,1,0,1,1,9.87,9.39,0.48
A,A,L,T,4,0,1,1,9.87,9.39,0.48
A,BS,L,T,4,0,1,0,9.87,9.39,0.48
A,BV,L,T,4,0,0,NA,9.87,9.39,0.48
C,A,L,T,3,0,0,NA,9.87,9.39,0.48
C,BS,L,T,3,0,1,1,9.87,9.39,0.48
C,BV,L,T,3,0,1,0,9.87,9.39,0.48
BW,A,A,W,2.5,0,0,NA,9.87,9.3,0.57
BW,BS,A,W,2.5,0,1,1,9.87,9.3,0.57
BW,BV,A,W,2.5,0,1,0,9.87,9.3,0.57
A,A,L,W,4,0,0,NA,9.87,9.3,0.57
A,BS,L,W,4,0,1,1,9.87,9.3,0.57
A,BV,L,W,4,0,0,NA,9.87,9.3,0.57
C,A,L,W,2.5,0,0,NA,9.87,9.3,0.57
C,BS,L,W,2.5,0,1,1,9.87,9.3,0.57
C,BV,L,W,2.5,0,1,0,9.87,9.3,0.57
BW,A,A,T,2.5,1,0,NA,9.87,9.3,0.57
BW,BS,A,T,2.5,1,0,NA,9.87,9.3,0.57
BW,BV,A,T,2.5,1,0,NA,9.87,9.3,0.57
A,A,L,T,3,0,0,NA,9.87,9.3,0.57
A,BS,L,T,3,0,0,NA,9.87,9.3,0.57
A,BV,L,T,3,0,0,NA,9.87,9.3,0.57
C,A,L,T,3.5,0,0,NA,9.87,9.3,0.57
C,BS,L,T,3.5,0,0,NA,9.87,9.3,0.57
C,BV,L,T,3.5,0,0,NA,9.87,9.3,0.57
A,A,L,T,3,0,1,0,9.87,9.3,0.57
A,BS,L,T,3,0,1,1,9.87,9.3,0.57
A,BV,L,T,3,0,0,NA,9.87,9.3,0.57
C,A,L,T,3.5,0,1,0,9.87,9.3,0.57
C,BS,L,T,3.5,0,0,NA,9.87,9.3,0.57
C,BV,L,T,3.5,0,0,NA,9.87,9.3,0.57
A,A,L,T,3,1,1,1,9.87,9.3,0.57
A,BS,L,T,3,1,0,NA,9.87,9.3,0.57
A,BV,L,T,3,1,0,NA,9.87,9.3,0.57
C,A,L,T,3.5,0,0,NA,9.87,9.3,0.57
C,BS,L,T,3.5,0,0,NA,9.87,9.3,0.57
C,BV,L,T,3.5,0,1,0,9.87,9.3,0.57
A,A,L,R,4,0,1,0,9.87,11.06,1.19
A,BS,L,R,4,0,1,1,9.87,11.06,1.19
A,BV,L,R,4,0,0,NA,9.87,11.06,1.19
BW,A,P,R,1,0,1,0,9.87,11.06,1.19
BW,BS,P,R,1,0,1,1,9.87,11.06,1.19
BW,BV,P,R,1,0,1,1,9.87,11.06,1.19
A,A,L,R,5.5,0,1,0,9.87,11.06,1.19
A,BS,L,R,5.5,0,0,NA,9.87,11.06,1.19
A,BV,L,R,5.5,0,0,NA,9.87,11.06,1.19
BW,A,A,W,2.5,0,0,NA,9.87,11.06,1.19
BW,BS,A,W,2.5,0,1,1,9.87,11.06,1.19
BW,BV,A,W,2.5,0,0,NA,9.87,11.06,1.19
A,A,L,W,3,1,0,NA,9.87,11.06,1.19
A,BS,L,W,3,1,1,1,9.87,11.06,1.19
A,BV,L,W,3,1,1,1,9.87,11.06,1.19
C,A,L,W,3.5,1,1,1,9.87,11.06,1.19
C,BS,L,W,3.5,1,0,NA,9.87,11.06,1.19
C,BV,L,W,3.5,1,1,1,9.87,11.06,1.19
A,A,L,T,3,0,1,0,9.87,11.06,1.19
A,BS,L,T,3,0,1,1,9.87,11.06,1.19
A,BV,L,T,3,0,1,0,9.87,11.06,1.19
BW,A,A,W,2.5,0,0,NA,9.87,11.06,1.19
BW,BS,A,W,2.5,0,0,NA,9.87,11.06,1.19
BW,BV,A,W,2.5,0,0,NA,9.87,11.06,1.19
C,A,L,W,1,1,1,0,9.87,11.06,1.19
C,BS,L,W,1,1,0,NA,9.87,11.06,1.19
C,BV,L,W,1,1,1,0,9.87,11.06,1.19
A,A,L,W,5.5,1,0,NA,9.87,11.06,1.19
A,BS,L,W,5.5,1,0,NA,9.87,11.06,1.19
A,BV,L,W,5.5,1,0,NA,9.87,11.06,1.19
A,A,L,T,5.5,0,1,0,10.06,12.82,2.76
A,BS,L,T,5.5,0,1,1,10.06,12.82,2.76
A,BV,L,T,5.5,0,1,0,10.06,12.82,2.76
C,A,L,T,1,0,1,0,10.06,12.82,2.76
C,BS,L,T,1,0,1,1,10.06,12.82,2.76
C,BV,L,T,1,0,1,0,10.06,12.82,2.76
BW,A,L,T,2.5,0,0,NA,9.08,6.72,2.36
BW,BS,L,T,2.5,0,0,NA,9.08,6.72,2.36
BW,BV,L,T,2.5,0,0,NA,9.08,6.72,2.36
A,A,A,W,2.5,1,1,1,9.08,6.72,2.36
A,BS,A,W,2.5,1,0,NA,9.08,6.72,2.36
A,BV,A,W,2.5,1,1,1,9.08,6.72,2.36
C,A,L,W,5.5,0,1,1,9.08,6.72,2.36
C,BS,L,W,5.5,0,1,1,9.08,6.72,2.36
C,BV,L,W,5.5,0,1,1,9.08,6.72,2.36
BW,A,A,W,2.5,1,0,NA,9.28,6.72,2.56
BW,BS,A,W,2.5,1,0,NA,9.28,6.72,2.56
BW,BV,A,W,2.5,1,0,NA,9.28,6.72,2.56
A,A,L,W,3.5,1,1,1,9.28,6.72,2.56
A,BS,L,W,3.5,1,1,1,9.28,6.72,2.56
A,BV,L,W,3.5,1,1,1,9.28,6.72,2.56
C,A,L,W,3.5,1,1,1,9.28,6.72,2.56
C,BS,L,W,3.5,1,0,NA,9.28,6.72,2.56
C,BV,L,W,3.5,1,1,1,9.28,6.72,2.56
C,A,L,W,7,0,0,NA,9.28,9.49,0.21
C,BS,L,W,7,0,0,NA,9.28,9.49,0.21
C,BV,L,W,7,0,0,NA,9.28,9.49,0.21
BL,A,L,W,1,0,1,1,9.28,9.49,0.21
BL,BS,L,W,1,0,1,1,9.28,9.49,0.21
BL,BV,L,W,1,0,1,0,9.28,9.49,0.21
BW,A,P,W,1,0,1,0,9.28,9.49,0.21
BW,BS,P,W,1,0,0,NA,9.28,9.49,0.21
BW,BV,P,W,1,0,0,NA,9.28,9.49,0.21
C,A,L,W,7,0,0,NA,9.28,9.49,0.21
C,BS,L,W,7,0,0,NA,9.28,9.49,0.21
C,BV,L,W,7,0,0,NA,9.28,9.49,0.21
A,A,L,W,3,1,1,1,9.37,9.49,0.12
A,BS,L,W,3,1,0,NA,9.37,9.49,0.12
A,BV,L,W,3,1,1,1,9.37,9.49,0.12
C,A,L,W,3.5,1,0,NA,9.37,9.49,0.12
C,BS,L,W,3.5,1,0,NA,9.37,9.49,0.12
C,BV,L,W,3.5,1,1,1,9.37,9.49,0.12
BW,A,A,T,2.5,1,0,NA,9.37,9.49,0.12
BW,BS,A,T,2.5,1,0,NA,9.37,9.49,0.12
BW,BV,A,T,2.5,1,0,NA,9.37,9.49,0.12
C,A,L,T,3.5,1,0,NA,9.37,9.49,0.12
C,BS,L,T,3.5,1,0,NA,9.37,9.49,0.12
C,BV,L,T,3.5,1,1,1,9.37,9.49,0.12
BL,A,L,W,1,1,1,1,9.28,8.21,1.07
BL,BS,L,W,1,1,1,1,9.28,8.21,1.07
BL,BV,L,W,1,1,1,1,9.28,8.21,1.07
BL,A,A,T,NA,0,1,1,9.28,8.21,1.07
BL,BS,A,T,NA,0,1,0,9.28,8.21,1.07
BL,BV,A,T,NA,0,1,0,9.28,8.21,1.07
A,A,L,W,7,1,0,NA,9.28,8.21,1.07
A,BS,L,W,7,1,1,1,9.28,8.21,1.07
A,BV,L,W,7,1,0,NA,9.28,8.21,1.07
BW,A,A,T,2.5,0,1,0,9.08,5.97,3.11
BW,BS,A,T,2.5,0,0,NA,9.08,5.97,3.11
BW,BV,A,T,2.5,0,0,NA,9.08,5.97,3.11
A,A,L,T,3,1,1,1,9.08,5.97,3.11
A,BS,L,T,3,1,1,1,9.08,5.97,3.11
A,BV,L,T,3,1,1,1,9.08,5.97,3.11
C,A,L,T,3.5,1,1,0,9.08,5.97,3.11
C,BS,L,T,3.5,1,0,NA,9.08,5.97,3.11
C,BV,L,T,3.5,1,1,1,9.08,5.97,3.11
C,A,L,W,8,0,0,NA,9.08,5.97,3.11
C,BS,L,W,8,0,0,NA,9.08,5.97,3.11
C,BV,L,W,8,0,0,NA,9.08,5.97,3.11
A,A,P,W,1,0,1,1,9.08,5.97,3.11
A,BS,P,W,1,0,1,1,9.08,5.97,3.11
A,BV,P,W,1,0,1,1,9.08,5.97,3.11
A,A,L,W,4,0,1,1,9.08,5.97,3.11
A,BS,L,W,4,0,1,1,9.08,5.97,3.11
A,BV,L,W,4,0,1,0,9.08,5.97,3.11
C,A,L,W,2.5,0,0,NA,9.08,5.97,3.11
C,BS,L,W,2.5,0,1,1,9.08,5.97,3.11
C,BV,L,W,2.5,0,1,0,9.08,5.97,3.11
BW,A,P,W,1,0,1,1,9.08,5.97,3.11
BW,BS,P,W,1,0,1,1,9.08,5.97,3.11
BW,BV,P,W,1,0,1,1,9.08,5.97,3.11
BL,A,L,T,9,0,0,NA,9.87,15.15,5.28
BL,BS,L,T,9,0,0,NA,9.87,15.15,5.28
BL,BV,L,T,9,0,0,NA,9.87,15.15,5.28
A,A,L,T,3,0,0,NA,8.78,2.01,6.77
A,BS,L,T,3,0,0,NA,8.78,2.01,6.77
A,BV,L,T,3,0,1,0,8.78,2.01,6.77
A,A,L,R,11,0,0,NA,9.87,15.15,5.28
A,BS,L,R,11,0,0,NA,9.87,15.15,5.28
A,BV,L,R,11,0,0,NA,9.87,15.15,5.28
C,A,L,T,3.5,0,0,NA,8.78,2.01,6.77
C,BS,L,T,3.5,0,0,NA,8.78,2.01,6.77
C,BV,L,T,3.5,0,1,1,8.78,2.01,6.77
BW,A,L,R,2,0,1,0,9.87,15.15,5.28
BW,BS,L,R,2,0,1,1,9.87,15.15,5.28
BW,BV,L,R,2,0,1,0,9.87,15.15,5.28
BW,A,P,T,1,0,1,1,8.78,2.01,6.77
BW,BS,P,T,1,0,0,NA,8.78,2.01,6.77
BW,BV,P,T,1,0,0,NA,8.78,2.01,6.77
A,A,L,R,4,0,1,0,9.87,15.15,5.28
A,BS,L,R,4,0,0,NA,9.87,15.15,5.28
A,BV,L,R,4,0,0,NA,9.87,15.15,5.28
BL,A,L,W,1,0,1,1,8.28,5.85,2.43
BL,BS,L,W,1,0,1,1,8.28,5.85,2.43
BL,BV,L,W,1,0,1,1,8.28,5.85,2.43
C,A,L,R,3,0,1,0,9.87,15.15,5.28
C,BS,L,R,3,0,0,NA,9.87,15.15,5.28
C,BV,L,R,3,0,0,NA,9.87,15.15,5.28
A,A,L,W,3,0,1,1,8.28,5.85,2.43
A,BS,L,W,3,0,1,1,8.28,5.85,2.43
A,BV,L,W,3,0,1,1,8.28,5.85,2.43
BL,A,L,R,9,1,0,NA,9.87,15.15,5.28
BL,BS,L,R,9,1,0,NA,9.87,15.15,5.28
BL,BV,L,R,9,1,0,NA,9.87,15.15,5.28
C,A,L,W,3.5,0,0,NA,8.28,5.85,2.43
C,BV,L,W,3.5,0,1,1,8.28,5.85,2.43
BW,A,P,W,1,0,0,NA,8.28,5.85,2.43
BW,BS,P,W,1,0,0,NA,8.28,5.85,2.43
BW,BV,P,W,1,0,0,NA,8.28,5.85,2.43
BL,A,L,R,1,0,1,0,8.18,6.9,1.28
BL,BS,L,R,1,0,1,1,8.18,6.9,1.28
BL,BV,L,R,1,0,1,0,8.18,6.9,1.28
A,A,L,W,3,0,1,1,8.18,6.9,1.28
A,BS,L,W,3,0,0,NA,8.18,6.9,1.28
A,BV,L,W,3,0,1,0,8.18,6.9,1.28
C,A,L,W,3.5,0,1,0,8.18,6.9,1.28
C,BV,L,W,3.5,0,0,NA,8.18,6.9,1.28
BL,A,L,W,1,0,1,1,8.28,9.84,1.56
BL,BS,L,W,1,0,1,1,8.28,9.84,1.56
BL,BV,L,W,1,0,1,1,8.28,9.84,1.56
A,A,L,W,2,0,1,1,8.28,9.84,1.56
A,BS,L,W,2,0,0,NA,8.28,9.84,1.56
A,BV,L,W,2,0,1,1,8.28,9.84,1.56
BL,A,L,W,1,0,1,1,8.38,10.84,2.46
BL,BS,L,W,1,0,1,1,8.38,10.84,2.46
BL,BV,L,W,1,0,1,0,8.38,10.84,2.46
BL,A,L,W,1,0,1,1,8.38,10.84,2.46
BL,BS,L,W,1,0,1,1,8.38,10.84,2.46
BL,BV,L,W,1,0,1,1,8.38,10.84,2.46
C,A,L,R,7,0,0,NA,8.38,10.84,2.46
C,BV,L,R,7,0,0,NA,8.38,10.84,2.46
BW,A,A,W,2.5,1,0,NA,8.38,10.84,2.46
BW,BS,A,W,2.5,1,0,NA,8.38,10.84,2.46
BW,BV,A,W,2.5,1,0,NA,8.38,10.84,2.46
A,A,L,W,1,1,1,1,8.38,10.84,2.46
A,BS,L,W,1,1,1,1,8.38,10.84,2.46
A,BV,L,W,1,1,1,1,8.38,10.84,2.46
C,A,L,W,6,1,0,NA,8.38,10.84,2.46
C,BV,L,W,6,1,0,NA,8.38,10.84,2.46
A,A,L,W,3.5,1,1,0,8.38,10.84,2.46
A,BS,L,W,3.5,1,1,1,8.38,10.84,2.46
A,BV,L,W,3.5,1,1,1,8.38,10.84,2.46
C,A,L,W,3.5,1,0,NA,8.38,10.84,2.46
C,BV,L,W,3.5,1,1,1,8.38,10.84,2.46
A,A,L,R,3.5,0,0,NA,8.38,10.84,2.46
A,BS,L,R,3.5,0,1,1,8.38,10.84,2.46
A,BV,L,R,3.5,0,1,0,8.38,10.84,2.46
C,A,L,R,3.5,0,1,0,8.38,10.84,2.46
C,BV,L,R,3.5,0,1,0,8.38,10.84,2.46
A,A,L,W,3.5,1,0,NA,8.38,10.84,2.46
A,BS,L,W,3.5,1,1,1,8.38,10.84,2.46
A,BV,L,W,3.5,1,1,0,8.38,10.84,2.46
C,A,L,W,3.5,1,0,NA,8.38,10.84,2.46
C,BV,L,W,3.5,1,1,1,8.38,10.84,2.46
A,A,L,T,3.5,0,1,0,8.48,12.03,3.55
A,BS,L,T,3.5,0,1,1,8.48,12.03,3.55
A,BV,L,T,3.5,0,1,0,8.48,12.03,3.55
BW,A,P,T,1,0,1,1,8.48,12.03,3.55
BW,BS,P,T,1,0,0,NA,8.48,12.03,3.55
BW,BV,P,T,1,0,0,NA,8.48,12.03,3.55
C,A,L,T,3.5,0,1,0,8.48,12.03,3.55
C,BV,L,T,3.5,0,1,1,8.48,12.03,3.55
BL,A,L,W,1,1,1,1,8.48,12.03,3.55
BL,BS,L,W,1,1,1,1,8.48,12.03,3.55
BL,BV,L,W,1,1,1,1,8.48,12.03,3.55
BW,A,A,T,2.5,0,0,NA,8.48,12.03,3.55
BW,BS,A,T,2.5,0,0,NA,8.48,12.03,3.55
BW,BV,A,T,2.5,0,0,NA,8.48,12.03,3.55
BW,A,A,R,2.5,0,0,NA,8.58,12.27,3.69
BW,BS,A,R,2.5,0,0,NA,8.58,12.27,3.69
BW,BV,A,R,2.5,0,0,NA,8.58,12.27,3.69
A,A,L,R,3.5,0,1,0,8.58,12.27,3.69
A,BS,L,R,3.5,0,0,NA,8.58,12.27,3.69
A,BV,L,R,3.5,0,0,NA,8.58,12.27,3.69
C,A,L,R,3.5,0,0,NA,8.58,12.27,3.69
C,BV,L,R,3.5,0,0,NA,8.58,12.27,3.69
A,A,L,R,7,0,1,0,8.58,12.27,3.69
A,BS,L,R,7,0,0,NA,8.58,12.27,3.69
A,BV,L,R,7,0,0,NA,8.58,12.27,3.69
BL,A,L,R,5,0,0,NA,8.58,12.27,3.69
BL,BS,L,R,5,0,0,NA,8.58,12.27,3.69
BL,BV,L,R,5,0,0,NA,8.58,12.27,3.69
BW,A,A,W,2.5,0,0,NA,8.58,12.27,3.69
BW,BS,A,W,2.5,0,1,1,8.58,12.27,3.69
BW,BV,A,W,2.5,0,0,NA,8.58,12.27,3.69
A,A,L,W,3.5,0,0,NA,8.58,12.27,3.69
A,BS,L,W,3.5,0,1,1,8.58,12.27,3.69
A,BV,L,W,3.5,0,0,NA,8.58,12.27,3.69
C,A,L,W,3.5,0,0,NA,8.58,12.27,3.69
C,BV,L,W,3.5,0,0,NA,8.58,12.27,3.69
A,A,L,W,1,0,1,NA,8.58,12.27,3.69
A,BS,L,W,1,0,0,NA,8.58,12.27,3.69
A,BV,L,W,1,0,1,0,8.58,12.27,3.69
C,A,L,T,8,0,0,NA,8.68,5.88,2.8
C,BS,L,T,8,0,0,NA,8.68,5.88,2.8
C,BV,L,T,8,0,0,NA,8.68,5.88,2.8
BL,A,L,W,1,1,1,1,8.68,5.88,2.8
BL,BS,L,W,1,1,1,1,8.68,5.88,2.8
BL,BV,L,W,1,1,1,1,8.68,5.88,2.8
BL,A,L,W,1,1,1,1,8.68,5.88,2.8
BL,BS,L,W,1,1,1,1,8.68,5.88,2.8
BL,BV,L,W,1,1,1,1,8.68,5.88,2.8
BL,A,L,W,1,0,1,1,8.68,5.88,2.8
BL,BS,L,W,1,0,1,1,8.68,5.88,2.8
BL,BV,L,W,1,0,1,0,8.68,5.88,2.8
BW,A,P,W,1,0,0,NA,8.68,5.88,2.8
BW,BS,P,W,1,0,0,NA,8.68,5.88,2.8
BW,BV,P,W,1,0,0,NA,8.68,5.88,2.8
BW,A,P,T,1,0,1,1,8.68,5.88,2.8
BW,BS,P,T,1,0,0,NA,8.68,5.88,2.8
BW,BV,P,T,1,0,0,NA,8.68,5.88,2.8
BL,A,L,R,1,0,1,0,8.68,6.63,2.05
BL,BS,L,R,1,0,1,1,8.68,6.63,2.05
BL,BV,L,R,1,0,1,0,8.68,6.63,2.05
A,A,L,W,1,0,0,NA,8.68,6.63,2.05
A,BS,L,W,1,0,0,NA,8.68,6.63,2.05
A,BV,L,W,1,0,0,NA,8.68,6.63,2.05
BL,A,L,W,1,0,1,1,8.68,8.16,0.52
BL,BS,L,W,1,0,1,1,8.68,8.16,0.52
BL,BV,L,W,1,0,1,1,8.68,8.16,0.52
BW,A,A,W,2.5,1,0,NA,8.68,8.16,0.52
BW,BS,A,W,2.5,1,0,NA,8.68,8.16,0.52
BW,BV,A,W,2.5,1,0,NA,8.68,8.16,0.52
A,A,L,W,3,0,1,0,8.68,8.16,0.52
A,BS,L,W,3,0,0,NA,8.68,8.16,0.52
A,BV,L,W,3,0,1,0,8.68,8.16,0.52
BW,A,P,T,1,0,1,1,8.68,8.16,0.52
BW,BS,P,T,1,0,0,NA,8.68,8.16,0.52
BW,BV,P,T,1,0,0,NA,8.68,8.16,0.52
BW,A,A,W,2.5,1,0,NA,8.68,8.16,0.52
BW,BS,A,W,2.5,1,0,NA,8.68,8.16,0.52
BW,BV,A,W,2.5,1,0,NA,8.68,8.16,0.52
A,A,L,W,3,0,0,NA,8.68,8.16,0.52
A,BS,L,W,3,0,1,1,8.68,8.16,0.52
A,BV,L,W,3,0,1,1,8.68,8.16,0.52
C,A,L,W,3.5,0,0,NA,8.68,8.16,0.52
C,BS,L,W,3.5,0,0,NA,8.68,8.16,0.52
C,BV,L,W,3.5,0,1,1,8.68,8.16,0.52
A,A,L,R,3,0,1,1,8.98,10.23,1.25
A,BS,L,R,3,0,1,1,8.98,10.23,1.25
A,BV,L,R,3,0,0,NA,8.98,10.23,1.25
C,A,L,R,3.5,0,1,0,8.98,10.23,1.25
C,BS,L,R,3.5,0,0,NA,8.98,10.23,1.25
C,BV,L,R,3.5,0,1,0,8.98,10.23,1.25
BW,A,P,R,1,0,0,NA,8.98,10.23,1.25
BW,BS,P,R,1,0,0,NA,8.98,10.23,1.25
BW,BV,P,R,1,0,0,NA,8.98,10.23,1.25
A,A,L,W,2,0,0,NA,9.08,10.82,1.74
A,BS,L,W,2,0,0,NA,9.08,10.82,1.74
A,BV,L,W,2,0,0,NA,9.08,10.82,1.74
A,A,L,W,3,1,1,1,9.08,10.82,1.74
A,BS,L,W,3,1,1,1,9.08,10.82,1.74
A,BV,L,W,3,1,1,1,9.08,10.82,1.74
C,A,L,W,3.5,1,1,1,9.08,10.82,1.74
C,BV,L,W,3.5,1,1,1,9.08,10.82,1.74
A,A,L,W,2,0,1,0,9.18,11.49,2.31
A,BS,L,W,2,0,0,NA,9.18,11.49,2.31
A,BV,L,W,2,0,0,NA,9.18,11.49,2.31
C,A,L,W,12,0,0,NA,9.18,11.49,2.31
C,BV,L,W,12,0,0,NA,9.18,11.49,2.31
BL,A,L,W,1,0,1,1,9.18,11.49,2.31
BL,BS,L,W,1,0,1,1,9.18,11.49,2.31
BL,BV,L,W,1,0,1,1,9.18,11.49,2.31
C,A,L,W,7.5,0,0,NA,9.18,11.49,2.31
C,BS,L,W,7.5,0,0,NA,9.18,11.49,2.31
C,BV,L,W,7.5,0,0,NA,9.18,11.49,2.31
A,A,L,T,2,0,1,0,9.18,11.49,2.31
A,BS,L,T,2,0,1,0,9.18,11.49,2.31
A,BV,L,T,2,0,1,0,9.18,11.49,2.31
C,A,L,W,3.5,0,0,NA,9.18,11.49,2.31
C,BS,L,W,3.5,0,0,NA,9.18,11.49,2.31
C,BV,L,W,3.5,0,1,1,9.18,11.49,2.31
A,A,L,W,3,0,1,1,9.18,11.49,2.31
A,BS,L,W,3,0,1,1,9.18,11.49,2.31
A,BV,L,W,3,0,1,1,9.18,11.49,2.31
BW,A,A,W,2.5,1,0,NA,9.18,10.78,1.6
BW,BS,A,W,2.5,1,0,NA,9.18,10.78,1.6
BW,BV,A,W,2.5,1,0,NA,9.18,10.78,1.6
A,A,L,W,3,0,1,1,9.18,10.78,1.6
A,BS,L,W,3,0,1,1,9.18,10.78,1.6
A,BV,L,W,3,0,1,1,9.18,10.78,1.6
C,A,L,W,3.5,0,1,0,9.18,10.78,1.6
C,BS,L,W,3.5,0,0,NA,9.18,10.78,1.6
C,BV,L,W,3.5,0,1,1,9.18,10.78,1.6
BW,A,A,T,2.5,1,0,NA,9.18,10.78,1.6
BW,BS,A,T,2.5,1,0,NA,9.18,10.78,1.6
BW,BV,A,T,2.5,1,0,NA,9.18,10.78,1.6
A,A,L,T,3,0,1,1,9.18,10.78,1.6
A,BS,L,T,3,0,1,1,9.18,10.78,1.6
A,BV,L,T,3,0,0,NA,9.18,10.78,1.6
C,A,L,T,3.5,0,0,NA,9.18,10.78,1.6
C,BS,L,T,3.5,0,0,NA,9.18,10.78,1.6
C,BV,L,T,3.5,0,0,NA,9.18,10.78,1.6
A,A,L,W,3,0,1,1,9.18,9.69,0.51
A,BS,L,W,3,0,1,1,9.18,9.69,0.51
A,BV,L,W,3,0,1,1,9.18,9.69,0.51
C,A,L,W,3.5,0,1,1,9.18,9.69,0.51
C,BS,L,W,3.5,0,1,1,9.18,9.69,0.51
C,BV,L,W,3.5,0,1,1,9.18,9.69,0.51
BW,A,P,W,1,1,0,NA,9.18,9.69,0.51
BW,BS,P,W,1,1,0,NA,9.18,9.69,0.51
BW,BV,P,W,1,1,0,NA,9.18,9.69,0.51
A,A,L,W,2.5,0,0,NA,9.18,9.69,0.51
A,BS,L,W,2.5,0,1,1,9.18,9.69,0.51
A,BV,L,W,2.5,0,1,0,9.18,9.69,0.51
C,A,L,W,4,0,0,NA,9.18,9.69,0.51
C,BS,L,W,4,0,1,0,9.18,9.69,0.51
C,BV,L,W,4,0,0,NA,9.18,9.69,0.51
A,A,L,T,3,0,1,0,9.18,9.69,0.51
A,BS,L,T,3,0,1,1,9.18,9.69,0.51
A,BV,L,T,3,0,1,0,9.18,9.69,0.51
C,A,L,T,3.5,0,1,1,9.18,9.69,0.51
C,BS,L,T,3.5,0,0,NA,9.18,9.69,0.51
C,BV,L,T,3.5,0,1,0,9.18,9.69,0.51
BW,A,P,T,1,0,1,1,9.18,9.69,0.51
BW,BS,P,T,1,0,0,NA,9.18,9.69,0.51
BW,BV,P,T,1,0,0,NA,9.18,9.69,0.51
BW,A,A,T,2.5,0,1,1,9.18,8.63,0.55
BW,BS,A,T,2.5,0,0,NA,9.18,8.63,0.55
BW,BV,A,T,2.5,0,0,NA,9.18,8.63,0.55
C,A,L,T,3.5,0,0,NA,9.18,8.63,0.55
C,BS,L,T,3.5,0,0,NA,9.18,8.63,0.55
C,BV,L,T,3.5,0,1,1,9.18,8.63,0.55
BW,A,A,T,2.5,1,0,NA,9.18,8.63,0.55
BW,BS,A,T,2.5,1,0,NA,9.18,8.63,0.55
BW,BV,A,T,2.5,1,0,NA,9.18,8.63,0.55
A,A,L,T,3,0,0,NA,9.18,8.63,0.55
A,BS,L,T,3,0,1,1,9.18,8.63,0.55
A,BV,L,T,3,0,1,1,9.18,8.63,0.55
C,A,L,T,3.5,0,0,NA,9.18,8.63,0.55
C,BS,L,T,3.5,0,0,NA,9.18,8.63,0.55
C,BV,L,T,3.5,0,0,NA,9.18,8.63,0.55
A,A,L,T,9,0,0,NA,9.08,9.32,0.24
A,BS,L,T,9,0,0,NA,9.08,9.32,0.24
A,BV,L,T,9,0,0,NA,9.08,9.32,0.24
A,A,L,T,3,0,1,0,9.08,9.46,0.38
A,BS,L,T,3,0,1,0,9.08,9.46,0.38
A,BV,L,T,3,0,1,0,9.08,9.46,0.38
C,A,L,T,3.5,0,0,NA,9.08,9.46,0.38
C,BS,L,T,3.5,0,0,NA,9.08,9.46,0.38
C,BV,L,T,3.5,0,1,0,9.08,9.46,0.38
BL,A,L,W,1,0,1,1,9.08,9.46,0.38
BL,BS,L,W,1,0,1,1,9.08,9.46,0.38
BL,BV,L,W,1,0,1,1,9.08,9.46,0.38
BL,A,L,W,1,0,1,1,9.47,10.35,0.88
BL,BS,L,W,1,0,1,1,9.47,10.35,0.88
BL,BV,L,W,1,0,1,1,9.47,10.35,0.88
BL,A,L,W,1,0,1,0,9.47,10.35,0.88
BL,BS,L,W,1,0,1,1,9.47,10.35,0.88
BL,BV,L,W,1,0,1,0,9.47,10.35,0.88
BL,A,L,W,1,1,1,1,9.47,11.87,2.4
BL,BS,L,W,1,1,1,1,9.47,11.87,2.4
BL,BV,L,W,1,1,1,1,9.47,11.87,2.4
A,A,L,W,3,0,0,NA,9.57,13.15,3.58
A,BS,L,W,3,0,1,1,9.57,13.15,3.58
A,BV,L,W,3,0,1,0,9.57,13.15,3.58
C,A,L,W,3.5,1,1,1,9.57,13.15,3.58
C,BS,L,W,3.5,1,0,NA,9.57,13.15,3.58
C,BV,L,W,3.5,1,1,0,9.57,13.15,3.58
BL,A,L,W,1,0,1,1,9.57,13.69,4.12
BL,BS,L,W,1,0,1,1,9.57,13.69,4.12
BL,BV,L,W,1,0,1,0,9.57,13.69,4.12
BL,A,L,W,1,0,1,1,9.57,13.69,4.12
BL,BS,L,W,1,0,1,1,9.57,13.69,4.12
BL,BV,L,W,1,0,1,1,9.57,13.69,4.12
BW,A,A,W,2.5,0,0,NA,9.77,15.69,5.92
BW,BS,A,W,2.5,0,1,1,9.77,15.69,5.92
BW,BV,A,W,2.5,0,1,1,9.77,15.69,5.92
BL,A,L,W,1,0,1,1,9.77,15.69,5.92
BL,BS,L,W,1,0,1,1,9.77,15.69,5.92
BL,BV,L,W,1,0,1,0,9.77,15.69,5.92
A,A,L,R,3,0,1,0,9.87,15.15,5.28
A,BS,L,R,3,0,1,1,9.87,15.15,5.28
A,BV,L,R,3,0,0,NA,9.87,15.15,5.28
C,A,L,R,3.5,0,1,0,9.87,15.15,5.28
C,BS,L,R,3.5,0,0,NA,9.87,15.15,5.28
C,BV,L,R,3.5,0,0,NA,9.87,15.15,5.28
A,A,L,W,3,1,1,0,10.36,12.58,2.22
A,BS,L,W,3,1,1,1,10.36,12.58,2.22
A,BV,L,W,3,1,1,1,10.36,12.58,2.22
BL,A,L,W,1,0,1,1,10.46,12.98,2.52
BL,BS,L,W,1,0,1,1,10.46,12.98,2.52
BL,BV,L,W,1,0,1,0,10.46,12.98,2.52
A,A,L,W,3,1,0,NA,10.46,12.98,2.52
A,BS,L,W,3,1,1,1,10.46,12.98,2.52
A,BV,L,W,3,1,0,NA,10.46,12.98,2.52
C,A,L,W,3.5,1,0,NA,10.46,12.98,2.52
C,BS,L,W,3.5,1,0,NA,10.46,12.98,2.52
C,BV,L,W,3.5,1,0,NA,10.46,12.98,2.52
C,A,L,W,7,0,0,NA,10.46,13.84,3.38
C,BS,L,W,7,0,0,NA,10.46,13.84,3.38
C,BV,L,W,7,0,0,NA,10.46,13.84,3.38
BW,A,P,R,1,0,1,1,10.46,13.84,3.38
BW,BS,P,R,1,0,1,1,10.46,13.84,3.38
BW,BV,P,R,1,0,1,1,10.46,13.84,3.38
C,A,L,R,1,0,1,0,10.46,13.84,3.38
C,BS,L,R,1,0,0,NA,10.46,13.84,3.38
C,BV,L,R,1,0,1,0,10.46,13.84,3.38
C,A,L,T,3.5,0,0,NA,10.46,14.99,4.53
C,BS,L,T,3.5,0,0,NA,10.46,14.99,4.53
C,BV,L,T,3.5,0,0,NA,10.46,14.99,4.53
A,A,L,T,3.5,0,1,1,10.46,14.99,4.53
A,BS,L,T,3.5,0,0,NA,10.46,14.99,4.53
A,BV,L,T,3.5,0,0,NA,10.46,14.99,4.53
A,A,L,W,3,1,1,1,10.46,14.64,4.18
A,BS,L,W,3,1,1,1,10.46,14.64,4.18
A,BV,L,W,3,1,1,0,10.46,14.64,4.18
C,A,L,W,4,1,1,0,10.46,14.64,4.18
C,BS,L,W,4,1,1,1,10.46,14.64,4.18
C,BV,L,W,4,1,1,0,10.46,14.64,4.18
A,A,L,T,3,1,1,1,10.46,14.64,4.18
A,BS,L,T,3,1,0,NA,10.46,14.64,4.18
A,BV,L,T,3,1,1,0,10.46,14.64,4.18
C,A,L,T,4,1,1,1,10.46,14.64,4.18
C,BS,L,T,4,1,0,NA,10.46,14.64,4.18
C,BV,L,T,4,1,1,0,10.46,14.64,4.18
C,A,L,W,10,1,0,NA,10.46,14.64,4.18
C,BS,L,W,10,1,0,NA,10.46,14.64,4.18
C,BV,L,W,10,1,0,NA,10.46,14.64,4.18
C,A,L,W,10,1,0,NA,10.46,14.64,4.18
C,BS,L,W,10,1,0,NA,10.46,14.64,4.18
C,BV,L,W,10,1,0,NA,10.46,14.64,4.18
A,A,L,T,3,0,1,1,10.46,14.64,4.18
A,BS,L,T,3,0,0,NA,10.46,14.64,4.18
A,BV,L,T,3,0,0,NA,10.46,14.64,4.18
C,A,L,T,4,0,0,NA,10.46,14.64,4.18
C,BS,L,T,4,0,0,NA,10.46,14.64,4.18
C,BV,L,T,4,0,0,NA,10.46,14.64,4.18
C,A,L,T,1,0,1,NA,10.46,14.64,4.18
C,BS,L,T,1,0,0,NA,10.46,14.64,4.18
C,BV,L,T,1,0,0,NA,10.46,14.64,4.18
A,A,L,T,8,0,1,1,10.46,14.64,4.18
A,BS,L,T,8,0,0,NA,10.46,14.64,4.18
A,BV,L,T,8,0,0,NA,10.46,14.64,4.18
A,A,L,W,3,1,0,NA,10.46,15.05,4.59
A,BS,L,W,3,1,1,1,10.46,15.05,4.59
A,BV,L,W,3,1,0,NA,10.46,15.05,4.59
C,A,L,W,4,1,0,NA,10.46,15.05,4.59
C,BS,L,W,4,1,0,NA,10.46,15.05,4.59
C,BV,L,W,4,1,1,1,10.46,15.05,4.59
C,A,L,W,9,0,0,NA,10.46,15.05,4.59
C,BS,L,W,9,0,0,NA,10.46,15.05,4.59
C,BV,L,W,9,0,0,NA,10.46,15.05,4.59
C,A,L,W,7,1,0,NA,10.46,15.05,4.59
C,BS,L,W,7,1,0,NA,10.46,15.05,4.59
C,BV,L,W,7,1,0,NA,10.46,15.05,4.59
BL,A,L,W,1,1,0,NA,10.46,15.05,4.59
BL,BS,L,W,1,1,0,NA,10.46,15.05,4.59
BL,BV,L,W,1,1,0,NA,10.46,15.05,4.59
BL,A,L,W,1,1,1,1,10.46,15.05,4.59
BL,BS,L,W,1,1,1,1,10.46,15.05,4.59
BL,BV,L,W,1,1,1,1,10.46,15.05,4.59
C,A,L,W,10,0,0,NA,10.46,15.05,4.59
C,BS,L,W,10,0,0,NA,10.46,15.05,4.59
C,BV,L,W,10,0,0,NA,10.46,15.05,4.59
C,A,L,T,10,1,0,NA,10.55,15,4.45
C,BS,L,T,10,1,0,NA,10.55,15,4.45
C,BV,L,T,10,1,0,NA,10.55,15,4.45
BW,A,P,W,1,1,0,NA,10.55,15,4.45
BW,BS,P,W,1,1,1,1,10.55,15,4.45
BW,BV,P,W,1,1,0,NA,10.55,15,4.45
BW,A,P,W,1,1,0,NA,10.55,15,4.45
BW,BS,P,W,1,1,0,NA,10.55,15,4.45
BW,BV,P,W,1,1,1,1,10.55,15,4.45
C,A,L,W,4,0,0,NA,10.55,15,4.45
C,BS,L,W,4,0,0,NA,10.55,15,4.45
C,BV,L,W,4,0,0,NA,10.55,15,4.45
BW,A,P,T,1,0,0,NA,10.55,15,4.45
BW,BS,P,T,1,0,0,NA,10.55,15,4.45
BW,BV,P,T,1,0,0,NA,10.55,15,4.45
A,A,L,R,3,0,0,NA,10.55,15,4.45
A,BS,L,R,3,0,0,NA,10.55,15,4.45
A,BV,L,R,3,0,0,NA,10.55,15,4.45
C,A,L,R,4,0,0,NA,10.55,15,4.45
C,BS,L,R,4,0,0,NA,10.55,15,4.45
C,BV,L,R,4,0,0,NA,10.55,15,4.45
C,A,L,W,4,0,0,NA,10.55,14.37,3.82
C,BS,L,W,4,0,0,NA,10.55,14.37,3.82
C,BV,L,W,4,0,0,NA,10.55,14.37,3.82
A,A,L,W,1,0,1,1,10.55,14.37,3.82
A,BS,L,W,1,0,0,NA,10.55,14.37,3.82
A,BV,L,W,1,0,0,NA,10.55,14.37,3.82
BL,A,L,W,1,0,1,1,10.55,14.35,3.8
BL,BS,L,W,1,0,1,1,10.55,14.35,3.8
BL,BV,L,W,1,0,0,NA,10.55,14.35,3.8
C,A,L,W,7,1,0,NA,10.55,14.35,3.8
C,BS,L,W,7,1,0,NA,10.55,14.35,3.8
C,BV,L,W,7,1,0,NA,10.55,14.35,3.8
C,A,L,W,7,0,0,NA,10.55,14.35,3.8
C,BS,L,W,7,0,0,NA,10.55,14.35,3.8
C,BV,L,W,7,0,0,NA,10.55,14.35,3.8
A,A,L,W,7,1,0,NA,10.55,14.35,3.8
A,BS,L,W,7,1,0,NA,10.55,14.35,3.8
A,BV,L,W,7,1,0,NA,10.55,14.35,3.8
BL,A,L,W,1,0,1,1,10.36,5.09,5.27
BL,BS,L,W,1,0,1,1,10.36,5.09,5.27
BL,BV,L,W,1,0,1,0,10.36,5.09,5.27
C,A,L,T,7,0,0,NA,10.36,5.09,5.27
C,BS,L,T,7,0,0,NA,10.36,5.09,5.27
C,BV,L,T,7,0,0,NA,10.36,5.09,5.27
BL,A,L,W,1,1,1,1,10.36,5.09,5.27
BL,BS,L,W,1,1,1,1,10.36,5.09,5.27
BL,BV,L,W,1,1,1,1,10.36,5.09,5.27
BW,A,P,W,1,0,1,1,10.36,5.09,5.27
BW,BS,P,W,1,0,1,1,10.36,5.09,5.27
BW,BV,P,W,1,0,1,1,10.36,5.09,5.27
C,A,L,W,8,0,0,NA,10.36,5.09,5.27
C,BS,L,W,8,0,0,NA,10.36,5.09,5.27
C,BV,L,W,8,0,0,NA,10.36,5.09,5.27
C,A,L,W,3.5,1,1,0,10.26,8.2,2.06
C,BS,L,W,3.5,1,1,1,10.26,8.2,2.06
C,BV,L,W,3.5,1,1,1,10.26,8.2,2.06
A,A,L,W,3,1,1,1,10.26,8.2,2.06
A,BS,L,W,3,1,1,1,10.26,8.2,2.06
A,BV,L,W,3,1,1,1,10.26,8.2,2.06
C,A,L,W,9,0,0,NA,10.26,11.52,1.26
C,BS,L,W,9,0,0,NA,10.26,11.52,1.26
C,BV,L,W,9,0,0,NA,10.26,11.52,1.26
BW,A,A,W,2.5,0,1,0,10.26,11.92,1.66
BW,BS,A,W,2.5,0,1,1,10.26,11.92,1.66
BW,BV,A,W,2.5,0,1,0,10.26,11.92,1.66
A,A,L,W,4,0,0,NA,10.26,11.92,1.66
A,BS,L,W,4,0,1,1,10.26,11.92,1.66
A,BV,L,W,4,0,1,1,10.26,11.92,1.66
C,A,L,W,3,0,0,NA,10.26,11.92,1.66
C,BS,L,W,3,0,1,1,10.26,11.92,1.66
C,BV,L,W,3,0,1,1,10.26,11.92,1.66
BL,A,L,W,1,0,1,1,10.26,11.92,1.66
BL,BS,L,W,1,0,1,1,10.26,11.92,1.66
BL,BV,L,W,1,0,1,1,10.26,11.92,1.66
C,A,L,R,4,0,1,0,10.26,11.92,1.66
C,BS,L,R,4,0,0,NA,10.26,11.92,1.66
C,BV,L,R,4,0,1,0,10.26,11.92,1.66
A,A,L,R,2.5,0,1,NA,10.26,11.92,1.66
A,BS,L,R,2.5,0,1,1,10.26,11.92,1.66
A,BV,L,R,2.5,0,1,0,10.26,11.92,1.66
C,A,L,R,4.5,0,1,0,10.26,11.92,1.66
C,BS,L,R,4.5,0,0,NA,10.26,11.92,1.66
C,BV,L,R,4.5,0,0,NA,10.26,11.92,1.66
BL,A,L,W,1,0,1,1,9.57,3.49,6.08
BL,BS,L,W,1,0,1,1,9.57,3.49,6.08
BL,BV,L,W,1,0,1,1,9.57,3.49,6.08
C,A,L,W,8,0,0,NA,9.57,3.49,6.08
C,BS,L,W,8,0,0,NA,9.57,3.49,6.08
C,BV,L,W,8,0,0,NA,9.57,3.49,6.08
A,A,L,W,7,1,1,1,9.57,4.96,4.61
A,BS,L,W,7,1,0,NA,9.57,4.96,4.61
A,BV,L,W,7,1,0,NA,9.57,4.96,4.61
BL,A,L,W,1,0,1,1,9.57,4.96,4.61
BL,BS,L,W,1,0,1,1,9.57,4.96,4.61
BL,BV,L,W,1,0,1,0,9.57,4.96,4.61
BL,A,L,W,1,0,1,1,9.57,4.96,4.61
BL,BS,L,W,1,0,1,1,9.57,4.96,4.61
BL,BV,L,W,1,0,1,0,9.57,4.96,4.61
BL,A,L,W,1,0,1,1,9.77,4.96,4.81
BL,BS,L,W,1,0,1,1,9.77,4.96,4.81
BL,BV,L,W,1,0,1,1,9.77,4.96,4.81
A,A,L,T,6,0,1,0,9.77,4.96,4.81
A,BS,L,T,6,0,0,NA,9.77,4.96,4.81
A,BV,L,T,6,0,0,NA,9.77,4.96,4.81
C,A,L,T,4,0,1,0,9.77,4.96,4.81
C,BS,L,T,4,0,0,NA,9.77,4.96,4.81
C,BV,L,T,4,0,0,NA,9.77,4.96,4.81
C,A,L,T,7.5,0,0,NA,9.87,8.94,0.93
C,BS,L,T,7.5,0,0,NA,9.87,8.94,0.93
C,BV,L,T,7.5,0,0,NA,9.87,8.94,0.93
C,A,L,W,7,0,0,NA,9.87,8.94,0.93
C,BS,L,W,7,0,0,NA,9.87,8.94,0.93
C,BV,L,W,7,0,0,NA,9.87,8.94,0.93
C,A,L,W,7,0,0,NA,9.87,8.94,0.93
C,BS,L,W,7,0,0,NA,9.87,8.94,0.93
C,BV,L,W,7,0,1,1,9.87,8.94,0.93
C,A,L,W,10,0,0,NA,9.87,8.65,1.22
C,BS,L,W,10,0,0,NA,9.87,8.65,1.22
C,BV,L,W,10,0,0,NA,9.87,8.65,1.22
BL,A,L,W,1,1,0,NA,9.87,8.65,1.22
BL,BS,L,W,1,1,1,1,9.87,8.65,1.22
BL,BV,L,W,1,1,1,1,9.87,8.65,1.22
C,A,L,T,3.5,0,0,NA,9.87,8.65,1.22
C,BS,L,T,3.5,0,1,1,9.87,8.65,1.22
C,BV,L,T,3.5,0,1,0,9.87,8.65,1.22
A,A,L,T,4,0,1,1,9.87,8.65,1.22
A,BS,L,T,4,0,0,NA,9.87,8.65,1.22
A,BV,L,T,4,0,1,1,9.87,8.65,1.22
BL,A,L,W,1,1,1,1,9.87,8.65,1.22
BL,BS,L,W,1,1,0,NA,9.87,8.65,1.22
BL,BV,L,W,1,1,1,1,9.87,8.65,1.22
BW,A,L,W,2,0,0,NA,9.87,8.65,1.22
BW,BS,L,W,2,0,1,1,9.87,8.65,1.22
BW,BV,L,W,2,0,1,0,9.87,8.65,1.22
C,A,L,T,2,0,1,NA,9.87,8.65,1.22
C,BS,L,T,2,0,1,0,9.87,8.65,1.22
C,BV,L,T,2,0,1,0,9.87,8.65,1.22
A,A,L,T,5,1,1,1,9.87,8.65,1.22
A,BS,L,T,5,1,0,NA,9.87,8.65,1.22
A,BV,L,T,5,1,0,NA,9.87,8.65,1.22
C,A,L,T,8,0,0,NA,9.87,8.65,1.22
C,BS,L,T,8,0,0,NA,9.87,8.65,1.22
C,BV,L,T,8,0,0,NA,9.87,8.65,1.22
C,A,L,T,7,0,1,NA,9.87,8.65,1.22
C,BS,L,T,7,0,0,NA,9.87,8.65,1.22
C,BV,L,T,7,0,0,NA,9.87,8.65,1.22
BL,A,L,T,1,0,1,0,8.38,1.46,6.92
BL,BS,L,T,1,0,1,1,8.38,1.46,6.92
BL,BV,L,T,1,0,1,0,8.38,1.46,6.92
BL,A,L,W,1,0,1,0,8.38,1.46,6.92
BL,BS,L,W,1,0,1,1,8.38,1.46,6.92
BL,BV,L,W,1,0,1,0,8.38,1.46,6.92
BW,A,P,W,1,0,0,NA,8.38,1.46,6.92
BW,BS,P,W,1,0,0,NA,8.38,1.46,6.92
BW,BV,P,W,1,0,0,NA,8.38,1.46,6.92
C,A,L,R,8,0,0,NA,8.38,1.46,6.92
C,BS,L,R,8,0,0,NA,8.38,1.46,6.92
C,BV,L,R,8,0,1,0,8.38,1.46,6.92
C,A,L,R,8,0,0,NA,8.38,1.46,6.92
C,BS,L,R,8,0,0,NA,8.38,1.46,6.92
C,BV,L,R,8,0,0,NA,8.38,1.46,6.92
C,A,L,R,8,0,0,NA,8.38,1.46,6.92
C,BS,L,R,8,0,0,NA,8.38,1.46,6.92
C,BV,L,R,8,0,0,NA,8.38,1.46,6.92
BL,A,A,T,NA,1,0,NA,8.38,1.46,6.92
BL,BS,A,T,NA,1,1,1,8.38,1.46,6.92
BL,BV,A,T,NA,1,1,1,8.38,1.46,6.92
BW,A,P,T,1,1,0,NA,8.38,1.46,6.92
BW,BS,P,T,1,1,0,NA,8.38,1.46,6.92
BW,BV,P,T,1,1,0,NA,8.38,1.46,6.92
C,A,L,T,8,0,0,NA,8.38,1.46,6.92
C,BS,L,T,8,0,0,NA,8.38,1.46,6.92
C,BV,L,T,8,0,1,NA,8.38,1.46,6.92
BL,A,L,W,1,0,1,0,8.38,1.46,6.92
BL,BS,L,W,1,0,1,1,8.38,1.46,6.92
BL,BV,L,W,1,0,1,0,8.38,1.46,6.92
C,A,L,T,8,0,0,NA,8.38,1.46,6.92
C,BS,L,T,8,0,0,NA,8.38,1.46,6.92
C,BV,L,T,8,0,0,NA,8.38,1.46,6.92
C,A,L,T,1,0,0,NA,8.18,4.69,3.49
C,BS,L,T,1,0,0,NA,8.18,4.69,3.49
C,BV,L,T,1,0,0,NA,8.18,4.69,3.49
A,A,L,T,6,0,0,NA,8.18,4.69,3.49
A,BS,L,T,6,0,0,NA,8.18,4.69,3.49
A,BV,L,T,6,0,0,NA,8.18,4.69,3.49
BW,A,A,W,2.5,1,1,0,8.18,4.69,3.49
BW,BS,A,W,2.5,1,1,1,8.18,4.69,3.49
BW,BV,A,W,2.5,1,1,0,8.18,4.69,3.49
A,A,L,W,4,0,1,1,8.18,4.69,3.49
A,BS,L,W,4,0,0,NA,8.18,4.69,3.49
A,BV,L,W,4,0,1,1,8.18,4.69,3.49
C,A,L,W,3,0,0,NA,8.18,4.69,3.49
C,BS,L,W,3,0,1,1,8.18,4.69,3.49
C,BV,L,W,3,0,1,1,8.18,4.69,3.49
BL,A,L,W,1,0,0,NA,8.18,4.69,3.49
BL,BS,L,W,1,0,0,NA,8.18,4.69,3.49
BL,BV,L,W,1,0,1,0,8.18,4.69,3.49
A,A,L,R,3,0,1,0,8.18,4.69,3.49
A,BS,L,R,3,0,0,NA,8.18,4.69,3.49
A,BV,L,R,3,0,1,0,8.18,4.69,3.49
BW,A,P,R,1,1,1,1,8.18,4.69,3.49
BW,BS,P,R,1,1,0,NA,8.18,4.69,3.49
BW,BV,P,R,1,1,0,NA,8.18,4.69,3.49
C,A,L,W,3,0,0,NA,8.18,4.69,3.49
C,BS,L,W,3,0,1,1,8.18,4.69,3.49
C,BV,L,W,3,0,1,0,8.18,4.69,3.49
A,A,L,W,4,0,0,NA,8.18,4.69,3.49
A,BS,L,W,4,0,0,NA,8.18,4.69,3.49
A,BV,L,W,4,0,1,1,8.18,4.69,3.49
A,A,L,W,3,0,1,1,8.18,4.69,3.49
A,BS,L,W,3,0,1,1,8.18,4.69,3.49
A,BV,L,W,3,0,1,1,8.18,4.69,3.49
C,A,L,W,4,0,0,NA,8.18,4.69,3.49
C,BS,L,W,4,0,1,1,8.18,4.69,3.49
C,BV,L,W,4,0,1,1,8.18,4.69,3.49
C,A,L,W,4,0,1,0,10.36,10.02,0.34
C,BS,L,W,4,0,0,NA,10.36,10.02,0.34
C,BV,L,W,4,0,0,NA,10.36,10.02,0.34
C,A,L,W,5,0,0,NA,10.36,10.02,0.34
C,BS,L,W,5,0,0,NA,10.36,10.02,0.34
C,BV,L,W,5,0,0,NA,10.36,10.02,0.34
C,A,L,W,4,0,0,NA,10.36,8.99,1.37
C,BS,L,W,4,0,0,NA,10.36,8.99,1.37
C,BV,L,W,4,0,1,0,10.36,8.99,1.37
BL,A,L,W,1,0,1,0,10.36,8.99,1.37
BL,BS,L,W,1,0,1,1,10.36,8.99,1.37
BL,BV,L,W,1,0,1,0,10.36,8.99,1.37
A,A,L,T,3,1,1,0,10.36,8.99,1.37
A,BS,L,T,3,1,1,1,10.36,8.99,1.37
A,BV,L,T,3,1,1,0,10.36,8.99,1.37
C,A,L,T,3.5,1,1,0,10.36,8.99,1.37
C,BS,L,T,3.5,1,0,NA,10.36,8.99,1.37
C,BV,L,T,3.5,1,1,1,10.36,8.99,1.37
A,A,L,W,3,0,1,1,10.36,8.99,1.37
A,BS,L,W,3,0,0,NA,10.36,8.99,1.37
A,BV,L,W,3,0,1,1,10.36,8.99,1.37
C,A,L,W,4,0,0,NA,10.36,8.99,1.37
C,BS,L,W,4,0,1,1,10.36,8.99,1.37
C,BV,L,W,4,0,0,NA,10.36,8.99,1.37
A,A,L,T,3,1,1,1,10.36,8.99,1.37
A,BS,L,T,3,1,1,1,10.36,8.99,1.37
A,BV,L,T,3,1,1,0,10.36,8.99,1.37
C,A,L,T,3.5,0,1,0,10.36,8.99,1.37
C,BS,L,T,3.5,0,0,NA,10.36,8.99,1.37
C,BV,L,T,3.5,0,1,1,10.36,8.99,1.37
BL,A,L,W,1,0,1,1,9.57,3.49,6.08
BL,BS,L,W,1,0,1,1,9.57,3.49,6.08
BL,BV,L,W,1,0,1,1,9.57,3.49,6.08
C,A,L,W,8,0,0,NA,9.57,3.49,6.08
C,BS,L,W,8,0,0,NA,9.57,3.49,6.08
C,BV,L,W,8,0,0,NA,9.57,3.49,6.08
BL,A,L,W,1,0,1,1,9.57,4.96,4.61
BL,BS,L,W,1,0,1,1,9.57,4.96,4.61
BL,BV,L,W,1,0,1,0,9.57,4.96,4.61
BL,A,L,W,1,0,1,1,9.57,4.96,4.61
BL,BS,L,W,1,0,1,1,9.57,4.96,4.61
BL,BV,L,W,1,0,1,0,9.57,4.96,4.61
BL,A,L,W,1,0,1,1,9.77,4.96,4.81
BL,BS,L,W,1,0,1,1,9.77,4.96,4.81
BL,BV,L,W,1,0,1,1,9.77,4.96,4.81
A,A,L,T,6,0,1,0,9.77,4.96,4.81
A,BS,L,T,6,0,1,1,9.77,4.96,4.81
A,BV,L,T,6,0,0,NA,9.77,4.96,4.81
C,A,L,T,4,0,1,0,9.77,4.96,4.81
C,BS,L,T,4,0,0,NA,9.77,4.96,4.81
C,BV,L,T,4,0,0,NA,9.77,4.96,4.81
C,A,L,T,7.5,0,0,NA,9.87,8.94,0.93
C,BS,L,T,7.5,0,0,NA,9.87,8.94,0.93
C,BV,L,T,7.5,0,0,NA,9.87,8.94,0.93
C,A,L,W,7,0,0,NA,9.87,8.94,0.93
C,BS,L,W,7,0,0,NA,9.87,8.94,0.93
C,BV,L,W,7,0,0,NA,9.87,8.94,0.93
C,A,L,W,7,0,0,NA,9.87,8.94,0.93
C,BS,L,W,7,0,0,NA,9.87,8.94,0.93
C,BV,L,W,7,0,1,1,9.87,8.94,0.93
C,A,L,W,10,0,NA,NA,9.87,8.65,1.22
C,BS,L,W,10,0,NA,NA,9.87,8.65,1.22
C,BV,L,W,10,0,NA,NA,9.87,8.65,1.22
BL,A,L,W,1,1,0,NA,9.87,8.65,1.22
BL,BS,L,W,1,1,1,1,9.87,8.65,1.22
BL,BV,L,W,1,1,1,1,9.87,8.65,1.22
C,A,L,T,3.5,0,0,NA,9.87,8.65,1.22
C,BS,L,T,3.5,0,1,1,9.87,8.65,1.22
C,BV,L,T,3.5,0,1,0,9.87,8.65,1.22
A,A,L,T,4,0,1,1,9.87,8.65,1.22
A,BS,L,T,4,0,1,1,9.87,8.65,1.22
A,BV,L,T,4,0,1,1,9.87,8.65,1.22
BL,A,L,W,1,1,1,1,9.87,8.65,1.22
BL,BS,L,W,1,1,0,NA,9.87,8.65,1.22
BL,BV,L,W,1,1,1,1,9.87,8.65,1.22
BW,A,L,W,2,0,0,NA,9.87,8.65,1.22
BW,BS,L,W,2,0,1,1,9.87,8.65,1.22
BW,BV,L,W,2,0,1,0,9.87,8.65,1.22
C,A,L,T,2,0,1,NA,9.87,8.65,1.22
C,BS,L,T,2,0,1,0,9.87,8.65,1.22
C,BV,L,T,2,0,1,0,9.87,8.65,1.22
A,A,L,T,5,1,1,1,9.87,8.65,1.22
A,BS,L,T,5,1,1,1,9.87,8.65,1.22
A,BV,L,T,5,1,0,NA,9.87,8.65,1.22
C,A,L,T,8,0,0,NA,9.87,8.65,1.22
C,BS,L,T,8,0,0,NA,9.87,8.65,1.22
C,BV,L,T,8,0,0,NA,9.87,8.65,1.22
C,A,L,T,7,0,1,NA,9.87,8.65,1.22
C,BS,L,T,7,0,0,NA,9.87,8.65,1.22
C,BV,L,T,7,0,0,NA,9.87,8.65,1.22
BL,A,L,T,1,0,1,0,8.38,1.46,6.92
BL,BS,L,T,1,0,1,1,8.38,1.46,6.92
BL,BV,L,T,1,0,1,0,8.38,1.46,6.92
BL,A,L,W,1,0,1,0,8.38,1.46,6.92
BL,BS,L,W,1,0,1,1,8.38,1.46,6.92
BL,BV,L,W,1,0,1,0,8.38,1.46,6.92
BW,A,P,W,1,0,0,NA,8.38,1.46,6.92
BW,BS,P,W,1,0,0,NA,8.38,1.46,6.92
BW,BV,P,W,1,0,0,NA,8.38,1.46,6.92
C,A,L,R,8,0,0,NA,8.38,1.46,6.92
C,BS,L,R,8,0,0,NA,8.38,1.46,6.92
C,BV,L,R,8,0,1,0,8.38,1.46,6.92
C,A,L,R,8,0,0,NA,8.38,1.46,6.92
C,BS,L,R,8,0,0,NA,8.38,1.46,6.92
C,BV,L,R,8,0,0,NA,8.38,1.46,6.92
C,A,L,R,8,0,0,NA,8.38,1.46,6.92
C,BS,L,R,8,0,0,NA,8.38,1.46,6.92
C,BV,L,R,8,0,0,NA,8.38,1.46,6.92
BL,A,A,T,NA,1,0,NA,8.38,1.46,6.92
BL,BS,A,T,NA,1,1,1,8.38,1.46,6.92
BL,BV,A,T,NA,1,1,1,8.38,1.46,6.92
BW,A,P,T,1,1,0,NA,8.38,1.46,6.92
BW,BS,P,T,1,1,0,NA,8.38,1.46,6.92
BW,BV,P,T,1,1,0,NA,8.38,1.46,6.92
C,A,L,T,8,0,0,NA,8.38,1.46,6.92
C,BS,L,T,8,0,0,NA,8.38,1.46,6.92
C,BV,L,T,8,0,1,NA,8.38,1.46,6.92
BL,A,L,W,1,0,1,0,8.38,1.46,6.92
BL,BS,L,W,1,0,1,1,8.38,1.46,6.92
BL,BV,L,W,1,0,1,0,8.38,1.46,6.92
C,A,L,T,8,0,0,NA,8.38,1.46,6.92
C,BS,L,T,8,0,0,NA,8.38,1.46,6.92
C,BV,L,T,8,0,0,NA,8.38,1.46,6.92
C,A,L,T,1,0,0,NA,8.18,4.69,3.49
C,BS,L,T,1,0,0,NA,8.18,4.69,3.49
C,BV,L,T,1,0,0,NA,8.18,4.69,3.49
A,A,L,T,6,0,0,NA,8.18,4.69,3.49
A,BS,L,T,6,0,1,1,8.18,4.69,3.49
A,BV,L,T,6,0,0,NA,8.18,4.69,3.49
BW,A,A,W,2.5,1,1,0,8.18,4.69,3.49
BW,BS,A,W,2.5,1,1,1,8.18,4.69,3.49
BW,BV,A,W,2.5,1,1,0,8.18,4.69,3.49
A,A,L,W,4,0,1,1,8.18,4.69,3.49
A,BS,L,W,4,0,1,1,8.18,4.69,3.49
A,BV,L,W,4,0,1,1,8.18,4.69,3.49
C,A,L,W,3,0,0,NA,8.18,4.69,3.49
C,BS,L,W,3,0,1,1,8.18,4.69,3.49
C,BV,L,W,3,0,1,1,8.18,4.69,3.49
BL,A,L,W,1,0,0,NA,8.18,4.69,3.49
BL,BS,L,W,1,0,0,NA,8.18,4.69,3.49
BL,BV,L,W,1,0,1,0,8.18,4.69,3.49
A,A,L,R,3,0,1,0,8.18,4.69,3.49
A,BS,L,R,3,0,1,1,8.18,4.69,3.49
A,BV,L,R,3,0,1,0,8.18,4.69,3.49
BW,A,P,R,1,1,1,1,8.18,4.69,3.49
BW,BS,P,R,1,1,0,NA,8.18,4.69,3.49
BW,BV,P,R,1,1,0,NA,8.18,4.69,3.49
C,A,L,W,3,0,0,NA,8.18,4.69,3.49
C,BS,L,W,3,0,1,1,8.18,4.69,3.49
C,BV,L,W,3,0,1,0,8.18,4.69,3.49
A,A,L,W,4,0,0,NA,8.18,4.69,3.49
A,BS,L,W,4,0,1,1,8.18,4.69,3.49
A,BV,L,W,4,0,1,1,8.18,4.69,3.49
A,A,L,W,3,0,1,1,8.18,4.69,3.49
A,BS,L,W,3,0,1,1,8.18,4.69,3.49
A,BV,L,W,3,0,1,1,8.18,4.69,3.49
C,A,L,W,4,0,0,NA,8.18,4.69,3.49
C,BS,L,W,4,0,1,1,8.18,4.69,3.49
C,BV,L,W,4,0,1,1,8.18,4.69,3.49
C,A,L,W,2,0,1,0,8.28,4.69,3.59
C,BV,L,W,2,0,1,0,8.28,4.69,3.59
C,BS,L,W,2,0,0,NA,8.28,4.69,3.59
C,A,L,T,5,1,1,1,8.18,6.42,1.76
C,BV,L,T,5,1,0,NA,8.18,6.42,1.76
C,BS,L,T,5,1,0,NA,8.18,6.42,1.76
A,A,L,T,2,1,1,0,8.18,6.42,1.76
A,BS,L,T,2,1,1,1,8.18,6.42,1.76
A,BV,L,T,2,1,1,0,8.18,6.42,1.76
A,A,L,R,3,0,1,0,8.18,6.42,1.76
A,BS,L,R,3,0,1,1,8.18,6.42,1.76
A,BV,L,R,3,0,1,0,8.18,6.42,1.76
C,A,L,R,4,0,1,0,8.18,6.42,1.76
C,BV,L,R,4,0,0,NA,8.18,6.42,1.76
C,BS,L,R,4,0,0,NA,8.18,6.42,1.76
A,A,L,R,3,0,1,0,8.18,6.42,1.76
A,BS,L,R,3,0,1,1,8.18,6.42,1.76
A,BV,L,R,3,0,0,NA,8.18,6.42,1.76
C,A,L,R,4,0,0,NA,8.18,6.42,1.76
C,BV,L,R,4,0,0,NA,8.18,6.42,1.76
C,BS,L,R,4,0,0,NA,8.18,6.42,1.76
C,A,L,R,7.5,0,0,NA,8.18,6.42,1.76
C,BV,L,R,7.5,0,0,NA,8.18,6.42,1.76
C,BS,L,R,7.5,0,0,NA,8.18,6.42,1.76
A,A,L,R,1,0,1,0,8.18,6.42,1.76
A,BS,L,R,1,0,1,1,8.18,6.42,1.76
A,BV,L,R,1,0,1,0,8.18,6.42,1.76
C,A,L,W,7,0,0,NA,8.18,6.42,1.76
C,BV,L,W,7,0,0,NA,8.18,6.42,1.76
C,BS,L,W,7,0,0,NA,8.18,6.42,1.76
A,A,L,T,6,1,1,1,8.18,6.42,1.76
A,BS,L,T,6,0,1,1,8.18,6.42,1.76
A,BV,L,T,6,0,0,NA,8.18,6.42,1.76
C,A,L,T,1,0,1,0,8.18,6.42,1.76
C,BV,L,T,1,0,1,0,8.18,6.42,1.76
C,BS,L,T,1,0,1,1,8.18,6.42,1.76
BW,A,A,W,2.5,1,1,0,8.18,6.42,1.76
BW,BS,A,W,2.5,1,1,1,8.18,6.42,1.76
BW,BV,A,W,2.5,1,1,1,8.18,6.42,1.76
A,A,L,W,4,0,1,1,8.18,6.42,1.76
A,BS,L,W,4,0,1,1,8.18,6.42,1.76
A,BV,L,W,4,0,1,1,8.18,6.42,1.76
C,A,L,W,3,0,0,NA,8.18,6.42,1.76
C,BV,L,W,3,0,0,NA,8.18,6.42,1.76
C,BS,L,W,3,0,1,1,8.18,6.42,1.76
BL,A,L,W,1,0,1,1,8.18,6.58,1.6
BL,BS,L,W,1,0,1,1,8.18,6.58,1.6
BL,BV,L,W,1,0,1,0,8.18,6.58,1.6
C,A,L,W,8,0,0,NA,8.28,7.05,1.23
C,BV,L,W,8,0,0,NA,8.28,7.05,1.23
C,BS,L,W,8,0,0,NA,8.28,7.05,1.23
C,A,L,W,7,0,0,NA,8.28,7.05,1.23
C,BV,L,W,7,0,0,NA,8.28,7.05,1.23
C,BS,L,W,7,0,0,NA,8.28,7.05,1.23
C,A,L,T,7,0,1,0,8.28,6.69,1.59
C,BV,L,T,7,0,0,NA,8.28,6.69,1.59
C,BS,L,T,7,0,0,NA,8.28,6.69,1.59
A,A,L,T,3.5,1,1,1,8.28,6.69,1.59
A,BS,L,T,3.5,1,1,1,8.28,6.69,1.59
A,BV,L,T,3.5,1,1,0,8.28,6.69,1.59
C,A,L,T,3.5,0,0,NA,8.28,6.69,1.59
C,BV,L,T,3.5,0,1,1,8.28,6.69,1.59
C,BS,L,T,3.5,0,0,NA,8.28,6.69,1.59
A,A,L,W,3.5,0,1,0,8.18,6.31,1.87
A,BS,L,W,3.5,0,1,1,8.18,6.31,1.87
A,BV,L,W,3.5,0,1,0,8.18,6.31,1.87
C,A,L,W,3.5,0,1,1,8.18,6.31,1.87
C,BV,L,W,3.5,0,1,0,8.18,6.31,1.87
C,BS,L,W,3.5,0,1,1,8.18,6.31,1.87
A,A,L,W,8,1,0,NA,8.18,6.31,1.87
A,BS,L,W,8,1,0,NA,8.18,6.31,1.87
A,BV,L,W,8,1,0,NA,8.18,6.31,1.87
C,A,L,T,1,0,1,0,8.18,6.31,1.87
C,BV,L,T,1,0,1,0,8.18,6.31,1.87
C,BS,L,T,1,0,1,1,8.18,6.31,1.87
BL,A,L,W,1,1,1,1,7.48,3.53,3.95
BL,BS,L,W,1,1,1,1,7.48,3.53,3.95
BL,BV,L,W,1,1,1,1,7.48,3.53,3.95
A,A,L,W,3.5,1,1,1,7.48,3.53,3.95
A,BS,L,W,3.5,0,1,0,7.48,3.53,3.95
A,BV,L,W,3.5,0,1,0,7.48,3.53,3.95
C,A,L,W,3.5,0,0,NA,7.48,3.53,3.95
C,BV,L,W,3.5,0,1,0,7.48,3.53,3.95
C,A,L,T,10,0,0,NA,7.48,3.53,3.95
C,BV,L,T,10,0,0,NA,7.48,3.53,3.95
A,A,L,W,4,0,1,1,7.48,3.76,3.72
A,BS,L,W,4,0,1,1,7.48,3.76,3.72
A,BV,L,W,4,0,1,1,7.48,3.76,3.72
C,A,L,W,3,0,1,0,7.48,3.76,3.72
C,BV,L,W,3,0,1,1,7.48,3.76,3.72
BW,A,P,W,NA,0,1,1,7.48,3.76,3.72
BW,BS,P,W,NA,0,1,1,7.48,3.76,3.72
BW,BV,P,W,NA,0,1,1,7.48,3.76,3.72
A,A,L,T,4,0,1,0,7.48,3.76,3.72
A,BS,L,T,4,0,0,NA,7.48,3.76,3.72
C,A,L,T,3,0,1,0,7.48,3.76,3.72
C,BV,L,T,3,0,1,0,7.48,3.76,3.72
C,A,L,T,7,0,0,NA,7.48,3.76,3.72
C,BV,L,T,7,0,0,NA,7.48,3.76,3.72
C,A,L,T,7,1,0,NA,7.48,3.76,3.72
C,BV,L,T,7,1,0,NA,7.48,3.76,3.72
C,A,L,T,7,1,0,NA,7.48,4.25,3.23
C,BV,L,T,7,1,0,NA,7.48,4.25,3.23
C,A,L,W,8,0,0,NA,7.48,5.88,1.6
C,BV,L,W,8,0,0,NA,7.48,5.88,1.6
BL,A,L,W,1,0,1,1,7.48,5.88,1.6
BL,BS,L,W,1,0,1,1,7.48,5.88,1.6
BL,BV,L,W,1,0,0,NA,7.48,5.88,1.6
C,A,L,W,7,1,0,NA,7.48,5.88,1.6
C,BV,L,W,7,1,0,NA,7.48,5.88,1.6
BL,A,L,W,1,0,1,1,7.48,5.88,1.6
BL,BS,L,W,1,0,1,1,7.48,5.88,1.6
BL,BV,L,W,1,0,1,0,7.48,5.88,1.6
C,A,L,W,2,0,1,1,7.48,5.88,1.6
C,BV,L,W,2,0,1,0,7.48,5.88,1.6
C,A,L,W,7,0,0,NA,7.78,8.01,0.23
C,BV,L,W,7,0,0,NA,7.78,8.01,0.23
C,A,L,T,7,0,0,NA,7.78,8.01,0.23
C,BV,L,T,7,0,0,NA,7.78,8.01,0.23
BL,A,L,T,10,1,0,NA,7.48,5.88,1.6
BL,BS,L,T,10,1,0,NA,7.48,5.88,1.6
BL,BV,L,T,10,1,0,NA,7.48,5.88,1.6
BL,A,L,T,10,1,1,0,7.78,8.01,0.23
BL,BS,L,T,10,1,0,NA,7.78,8.01,0.23
BL,BV,L,T,10,1,0,NA,7.78,8.01,0.23
A,A,L,T,1,1,1,1,6.27,2.91,3.36
A,BS,L,T,1,1,1,1,6.27,2.91,3.36
A,BV,L,T,1,1,1,1,6.27,2.91,3.36
A,A,L,W,3,1,1,1,6.27,2.91,3.36
A,BS,L,W,3,1,1,1,6.27,2.91,3.36
A,BV,L,W,3,1,1,1,6.27,2.91,3.36
C,A,L,R,7,1,0,NA,6.27,2.91,3.36
C,BV,L,R,7,1,0,NA,6.27,2.91,3.36
BL,A,L,W,1,1,1,1,6.67,6.48,0.19
BL,BS,L,W,1,1,1,1,6.67,6.48,0.19
BL,BV,L,W,1,1,1,1,6.67,6.48,0.19
A,A,L,W,2,0,1,1,6.67,6.48,0.19
A,BS,L,W,2,0,0,NA,6.67,6.48,0.19
A,BV,L,W,2,0,1,1,6.67,6.48,0.19
C,A,L,W,5,0,0,NA,6.67,6.48,0.19
C,BV,L,W,5,0,0,NA,6.67,6.48,0.19
A,BS,L,W,3,0,1,1,10.94,7.13,3.81
A,BV,L,W,3,0,1,1,10.94,7.13,3.81
C,A,L,W,4,1,0,NA,10.94,7.13,3.81
C,BS,L,W,4,1,1,1,10.94,7.13,3.81
C,BV,L,W,4,1,1,1,10.94,7.13,3.81
C,A,L,W,1,0,1,1,10.94,8.23,2.71
C,BS,L,W,1,0,1,1,10.94,8.23,2.71
C,BV,L,W,1,0,1,1,10.94,8.23,2.71
A,A,L,W,6,0,0,NA,10.94,8.23,2.71
A,BS,L,W,6,0,1,1,10.94,8.23,2.71
A,BV,L,W,6,0,0,NA,10.94,8.23,2.71
BW,A,A,W,2.5,0,1,1,10.94,8.23,2.71
BW,BS,A,W,2.5,0,1,1,10.94,8.23,2.71
BW,BV,A,W,2.5,0,1,1,10.94,8.23,2.71
C,A,L,T,2,0,1,1,10.94,8.23,2.71
C,BS,L,T,2,0,1,1,10.94,8.23,2.71
C,BV,L,T,2,0,1,1,10.94,8.23,2.71
A,A,L,T,5,1,1,1,10.94,8.23,2.71
A,BS,L,T,5,1,1,1,10.94,8.23,2.71
A,BV,L,T,5,1,0,NA,10.94,8.23,2.71
BW,A,A,W,2.5,0,1,0,10.94,8.97,1.97
BW,BS,A,W,2.5,0,1,1,10.94,8.97,1.97
BW,BV,A,W,2.5,0,1,1,10.94,8.97,1.97
A,A,L,W,4,1,0,NA,10.94,8.97,1.97
A,BS,L,W,4,1,1,1,10.94,8.97,1.97
A,BV,L,W,4,1,0,NA,10.94,8.97,1.97
A,A,L,W,5,0,0,NA,10.94,8.97,1.97
A,BS,L,W,5,0,1,1,10.94,8.97,1.97
A,BV,L,W,5,0,0,NA,10.94,8.97,1.97
C,A,L,W,9,0,0,NA,10.94,8.97,1.97
C,BS,L,W,9,0,0,NA,10.94,8.97,1.97
C,BV,L,W,9,0,0,NA,10.94,8.97,1.97
BW,A,P,W,NA,0,1,1,10.94,8.97,1.97
BW,BS,P,W,NA,0,1,1,10.94,8.97,1.97
BW,BV,P,W,NA,0,1,1,10.94,8.97,1.97
BW,A,A,W,2.5,0,1,1,10.94,8.97,1.97
BW,BS,A,W,2.5,0,1,1,10.94,8.97,1.97
BW,BV,A,W,2.5,0,1,1,10.94,8.97,1.97
C,A,L,W,3,0,0,NA,10.94,8.97,1.97
C,BS,L,W,3,0,1,1,10.94,8.97,1.97
C,BV,L,W,3,0,1,1,10.94,8.97,1.97
A,A,L,W,4,0,0,NA,10.94,8.97,1.97
A,BS,L,W,4,0,1,1,10.94,8.97,1.97
A,BV,L,W,4,0,1,1,10.94,8.97,1.97
C,A,L,R,3,0,1,0,10.94,8.97,1.97
C,BS,L,R,3,0,1,1,10.94,8.97,1.97
C,BV,L,R,3,0,1,1,10.94,8.97,1.97
A,A,L,R,4,0,1,1,10.94,8.97,1.97
A,BS,L,R,4,0,1,1,10.94,8.97,1.97
A,BV,L,R,4,0,1,0,10.94,8.97,1.97
BW,A,A,R,2.5,0,1,1,10.94,8.97,1.97
BW,BS,A,R,2.5,0,1,1,10.94,8.97,1.97
BW,BV,A,R,2.5,0,1,1,10.94,8.97,1.97
A,A,L,R,2,0,0,NA,6.67,6.48,0.19
A,BS,L,R,2,0,1,1,6.67,6.48,0.19
A,BV,L,R,2,0,1,0,6.67,6.48,0.19
C,A,L,R,5,0,1,0,6.67,6.48,0.19
C,BV,L,R,5,0,0,NA,6.67,6.48,0.19
BL,A,L,W,1,0,1,0,5.76,0.91,4.85
BL,BS,L,W,1,0,1,1,5.76,0.91,4.85
BL,BV,L,W,1,0,1,0,5.76,0.91,4.85
BL,A,L,T,7,0,1,0,5.76,0.91,4.85
BL,BS,L,T,7,0,1,0,5.76,0.91,4.85
BL,BV,L,T,7,0,0,NA,5.76,0.91,4.85
A,A,L,T,1,0,1,1,5.76,0.91,4.85
A,BS,L,T,1,0,1,1,5.76,0.91,4.85
A,BV,L,T,1,0,1,1,5.76,0.91,4.85
C,A,L,T,6,0,1,0,5.76,0.91,4.85
C,BV,L,T,6,0,1,0,5.76,0.91,4.85
A,A,L,R,8,0,0,NA,5.76,0.91,4.85
A,BS,L,R,8,0,0,NA,5.76,0.91,4.85
A,BV,L,R,8,0,0,NA,5.76,0.91,4.85
BL,A,L,W,1,1,1,1,5.76,0.91,4.85
BL,BS,L,W,1,1,1,1,5.76,0.91,4.85
BL,BV,L,W,1,1,1,0,5.76,0.91,4.85
BL,A,L,W,1,0,1,1,5.76,0.91,4.85
BL,BS,L,W,1,0,1,1,5.76,0.91,4.85
BL,BV,L,W,1,0,1,1,5.76,0.91,4.85
A,A,L,T,7,0,0,NA,5.76,0.88,4.88
A,BV,L,T,7,0,0,NA,5.76,0.88,4.88
C,A,L,T,1,0,1,0,5.76,0.88,4.88
C,BV,L,T,1,0,1,0,5.76,0.88,4.88
BL,A,L,T,6,0,0,NA,5.76,0.88,4.88
BL,BS,L,T,6,0,0,NA,5.76,0.88,4.88
BL,BV,L,T,6,0,0,NA,5.76,0.88,4.88
BL,A,L,T,10,1,0,NA,5.76,0.88,4.88
BL,BS,L,T,10,1,0,NA,5.76,0.88,4.88
BL,BV,L,T,10,1,0,NA,5.76,0.88,4.88
BL,A,L,W,1,0,1,1,5.86,0.86,5
BL,BS,L,W,1,0,1,1,5.86,0.86,5
BL,BV,L,W,1,0,1,1,5.86,0.86,5
BL,A,L,W,1,0,1,1,5.96,0.86,5.1
BL,BS,L,W,1,0,1,1,5.96,0.86,5.1
BL,BV,L,W,1,0,1,1,5.96,0.86,5.1
BL,A,L,T,1,0,0,NA,5.96,0.86,5.1
BL,BS,L,T,1,0,1,1,5.96,0.86,5.1
BL,BV,L,T,1,0,0,NA,5.96,0.86,5.1
BL,A,L,T,1,0,1,0,5.96,0.86,5.1
BL,BS,L,T,1,0,1,1,5.96,0.86,5.1
BL,BV,L,T,1,0,1,0,5.96,0.86,5.1
BL,A,L,W,1,0,1,0,5.45,3.54,1.91
BL,BS,L,W,1,0,1,1,5.45,3.54,1.91
BL,BV,L,W,1,0,1,0,5.45,3.54,1.91
BL,A,L,W,1,0,1,0,5.66,7.29,1.63
BL,BS,L,W,1,0,1,1,5.66,7.29,1.63
BL,BV,L,W,1,0,1,1,5.66,7.29,1.63
BW,A,P,T,NA,0,1,1,5.86,8.41,2.55
BW,BS,P,T,NA,0,1,1,5.86,8.41,2.55
BW,BV,P,T,NA,0,1,1,5.86,8.41,2.55
C,A,L,W,8,0,0,NA,5.86,0.86,5
C,BV,L,W,8,0,0,NA,5.86,0.86,5
A,A,L,W,2,0,1,1,6.27,6.57,0.3
A,BS,L,W,2,0,1,1,6.27,6.57,0.3
C,A,L,W,5,0,1,1,6.27,6.57,0.3
C,BV,L,W,5,0,1,1,6.27,6.57,0.3
C,A,L,W,7,0,0,NA,6.27,6.57,0.3
C,BV,L,W,7,0,0,NA,6.27,6.57,0.3
BL,A,L,W,1,0,1,0,7.08,9.42,2.34
BL,BS,L,W,1,0,1,1,7.08,9.42,2.34
BL,BV,L,W,1,0,1,0,7.08,9.42,2.34
C,A,L,T,4,0,1,1,7.08,9.42,2.34
C,BV,L,T,4,0,NA,NA,7.08,9.42,2.34
BL,A,L,W,1,1,1,1,6.27,6.57,0.3
BL,BS,L,W,1,1,0,NA,6.27,6.57,0.3
BL,BV,L,W,1,1,0,NA,6.27,6.57,0.3
C,A,L,W,10,1,0,NA,6.27,6.57,0.3
A,A,L,R,6,0,0,NA,6.98,10.25,3.27
A,BS,L,R,6,0,1,1,6.98,10.25,3.27
A,BV,L,R,6,0,0,NA,6.98,10.25,3.27
C,A,L,R,1,0,1,0,6.98,10.25,3.27
C,BV,L,R,1,0,1,0,6.98,10.25,3.27
BL,A,L,W,1,0,1,0,7.18,5.33,1.85
BL,BS,L,W,1,0,1,1,7.18,5.33,1.85
BL,BV,L,W,1,0,1,1,7.18,5.33,1.85
BL,A,L,W,1,0,1,1,7.28,7.87,0.59
BL,BS,L,W,1,0,1,1,7.28,7.87,0.59
BL,BV,L,W,1,0,1,1,7.28,7.87,0.59
