CT.POS,CAMERA.ID,ORIENT,GAIT,DIST,FROM.HOLT,LOIT,TRIGGER,AIR
BW,A,P,W,1,0,0,1,12.48
BW,BS,P,W,1,0,0,1,12.48
BW,BV,P,W,1,0,0,1,12.48
C,A,L,W,3,0,0,1,12.48
C,BV,L,W,3,0,0,1,12.48
C,BS,L,W,3,0,0,1,12.48
BL,A,L,W,2,0,0,1,12.48
BL,BV,L,W,2,0,0,1,12.48
BL,BS,L,W,2,0,0,1,12.48
A,A,L,W,7,0,1,0,12.48
A,BV,L,W,7,0,1,0,12.48
A,BS,L,W,7,0,1,1,12.48
BL,A,L,W,1,0,1,1,12.48
BL,BS,L,W,1,0,1,1,12.48
BL,BV,L,W,1,0,1,1,12.48
C,A,L,W,3,0,0,0,12.48
C,BS,L,W,3,0,0,1,12.48
C,BV,L,W,3,0,0,1,12.48
BW,A,P,W,1,0,1,1,12.48
BW,BS,P,W,1,0,1,1,12.48
BW,BV,P,W,1,0,1,1,12.48
C,A,L,W,7,0,0,0,12.64
C,BS,L,W,7,0,0,0,12.64
C,BV,L,W,7,0,0,0,12.64
BL,A,L,W,10,0,1,0,12.64
BL,BS,L,W,10,0,1,0,12.64
BL,BV,L,W,10,0,1,0,12.64
BL,A,L,W,10,0,0,0,12.64
BL,BS,L,W,10,0,0,0,12.64
BL,BV,L,W,10,0,0,0,12.64
A,A,A,W,3,0,0,0,12.64
A,BS,A,W,3,0,0,0,12.64
A,BV,A,W,3,0,0,0,12.64
C,A,L,W,5,0,0,0,12.64
C,BS,L,W,5,0,0,0,12.64
C,BV,L,W,5,0,0,0,12.64
BW,A,L,W,2.5,0,0,0,12.64
BW,BS,L,W,2.5,0,1,1,12.64
BW,BV,L,W,2.5,0,1,1,12.64
A,A,L,W,1,0,0,1,12.64
A,BS,L,W,1,0,0,0,12.64
A,BV,L,W,1,0,0,1,12.64
C,A,L,W,7,0,0,0,12.64
C,BS,L,W,7,0,0,0,12.64
C,BV,L,W,7,0,0,0,12.64
A,A,L,W,1,0,0,1,12.64
A,BS,L,W,1,0,1,0,12.64
A,BV,L,W,1,0,1,1,12.64
A,A,L,W,2.5,0,1,1,12.64
A,BS,L,W,2.5,0,1,1,12.64
A,BV,L,W,2.5,0,1,1,12.64
C,A,L,W,4.5,0,1,0,12.64
C,BS,L,W,4.5,0,1,0,12.64
C,BV,L,W,4.5,0,1,1,12.64
A,A,L,T,3,0,0,1,12.28
A,BS,L,T,3,0,0,1,12.28
A,BV,L,T,3,0,0,1,12.28
C,A,L,T,4,0,0,0,12.28
C,BS,L,T,4,0,0,0,12.28
C,BV,L,T,4,0,0,0,12.28
C,A,L,W,7,0,0,0,12.28
C,BS,L,W,7,0,0,0,12.28
C,BV,L,W,7,0,0,0,12.28
C,A,L,W,7,0,0,0,12.28
C,BS,L,W,7,0,0,0,12.28
C,BV,L,W,7,0,0,0,12.28
BL,A,L,W,10,0,0,0,12.28
BL,BS,L,W,10,0,0,0,12.28
BL,BV,L,W,10,0,0,0,12.28
BL,A,L,R,10,0,0,0,11.3
BL,BS,L,R,10,0,0,0,11.3
BL,BV,L,R,10,0,0,0,11.3
A,A,L,W,2,0,0,1,11.3
A,BS,L,W,2,0,0,1,11.3
A,BV,L,W,2,0,0,1,11.3
BL,A,L,W,1,0,0,1,11.3
BL,BS,L,W,1,0,0,1,11.3
BL,BV,L,W,1,0,0,1,11.3
C,A,A,W,NA,0,1,1,11.3
C,BS,A,W,NA,0,1,1,11.3
C,BV,A,W,NA,0,1,1,11.3
BL,A,L,W,1,0,1,1,11.3
BL,BS,L,W,1,0,1,1,11.3
BL,BV,L,W,1,0,1,1,11.3
A,A,L,W,4,1,0,0,9.47
A,BS,L,W,4,1,0,1,9.47
A,BV,L,W,4,1,0,1,9.47
C,A,L,W,3,1,0,1,9.47
C,BS,L,W,3,1,0,0,9.47
C,BV,L,W,3,1,0,1,9.47
BW,A,P,W,1,1,0,1,9.47
BW,BS,P,W,1,1,0,1,9.47
BW,BV,P,W,1,1,0,1,9.47
BW,A,A,W,2.5,0,0,0,9.47
BW,BS,A,W,2.5,0,0,0,9.47
BW,BV,A,W,2.5,0,0,1,9.47
A,A,L,T,3,0,0,0,9.47
A,BS,L,T,3,0,0,1,9.47
A,BV,L,T,3,0,0,1,9.47
BW,A,P,T,1,0,0,0,9.47
BW,BS,P,T,1,0,0,0,9.47
BW,BV,P,T,1,0,0,0,9.47
C,A,L,T,3.5,0,0,0,9.47
C,BS,L,T,3.5,0,0,0,9.47
C,BV,L,T,3.5,0,0,1,9.47
A,A,L,T,3,0,0,1,9.27
A,BS,L,T,3,0,0,1,9.27
A,BV,L,T,3,0,0,0,9.27
C,A,L,T,3,0,0,0,9.27
C,BS,L,T,3,0,0,0,9.27
C,BV,L,T,3,0,0,0,9.27
BW,A,A,T,2.5,0,0,0,9.27
BW,BS,A,T,2.5,0,0,0,9.27
BW,BV,A,T,2.5,0,0,0,9.27
BL,A,P,W,1,0,1,1,9.27
BL,BS,P,W,1,0,1,1,9.27
BL,BV,P,W,1,0,1,0,9.27
C,A,L,W,4,1,0,1,9.39
C,BS,L,W,4,1,0,1,9.39
C,BV,L,W,4,1,0,1,9.39
C,A,L,T,2,1,0,1,9.39
C,BS,L,T,2,1,0,0,9.39
C,BV,L,T,2,1,0,1,9.39
A,A,L,R,5.5,1,0,1,9.39
A,BS,L,R,5.5,1,0,1,9.39
A,BV,L,R,5.5,1,0,0,9.39
C,A,L,W,2.5,0,1,0,9.39
C,BS,L,W,2.5,0,1,1,9.39
C,BV,L,W,2.5,0,1,1,9.39
A,A,L,W,4,0,0,0,9.39
A,BS,L,W,4,0,0,1,9.39
A,BV,L,W,4,0,0,1,9.39
BW,A,P,T,1,0,0,1,9.39
BW,BS,P,T,1,0,0,1,9.39
BW,BV,P,T,1,0,0,1,9.39
A,A,L,T,4,0,0,1,9.39
A,BS,L,T,4,0,0,1,9.39
A,BV,L,T,4,0,0,0,9.39
C,A,L,T,3,0,0,0,9.39
C,BS,L,T,3,0,0,1,9.39
C,BV,L,T,3,0,0,1,9.39
BW,A,A,W,2.5,0,0,0,9.3
BW,BS,A,W,2.5,0,0,1,9.3
BW,BV,A,W,2.5,0,0,1,9.3
A,A,L,W,4,0,0,0,9.3
A,BS,L,W,4,0,0,1,9.3
A,BV,L,W,4,0,0,0,9.3
C,A,L,W,2.5,0,0,0,9.3
C,BS,L,W,2.5,0,0,1,9.3
C,BV,L,W,2.5,0,0,1,9.3
BW,A,A,T,2.5,0,1,0,9.3
BW,BS,A,T,2.5,0,1,0,9.3
BW,BV,A,T,2.5,0,1,0,9.3
A,A,L,T,3,0,0,0,9.3
A,BS,L,T,3,0,0,0,9.3
A,BV,L,T,3,0,0,0,9.3
C,A,L,T,3.5,0,0,0,9.3
C,BS,L,T,3.5,0,0,0,9.3
C,BV,L,T,3.5,0,0,0,9.3
A,A,L,T,3,0,0,1,9.3
A,BS,L,T,3,0,0,1,9.3
A,BV,L,T,3,0,0,0,9.3
C,A,L,T,3.5,0,0,1,9.3
C,BS,L,T,3.5,0,0,0,9.3
C,BV,L,T,3.5,0,0,0,9.3
A,A,L,T,3,0,1,1,9.3
A,BS,L,T,3,0,1,0,9.3
A,BV,L,T,3,0,1,0,9.3
C,A,L,T,3.5,0,0,0,9.3
C,BS,L,T,3.5,0,0,0,9.3
C,BV,L,T,3.5,0,0,1,9.3
A,A,L,R,4,0,0,1,11.06
A,BS,L,R,4,0,0,1,11.06
A,BV,L,R,4,0,0,0,11.06
BW,A,P,R,1,1,0,1,11.06
BW,BS,P,R,1,1,0,1,11.06
BW,BV,P,R,1,1,0,1,11.06
A,A,L,R,5.5,1,0,1,11.06
A,BS,L,R,5.5,1,0,0,11.06
A,BV,L,R,5.5,1,0,0,11.06
BW,A,A,W,2.5,0,0,0,11.06
BW,BS,A,W,2.5,0,0,1,11.06
BW,BV,A,W,2.5,0,0,0,11.06
A,A,L,W,3,0,1,0,11.06
A,BS,L,W,3,0,1,1,11.06
A,BV,L,W,3,0,1,1,11.06
C,A,L,W,3.5,0,1,1,11.06
C,BS,L,W,3.5,0,1,0,11.06
C,BV,L,W,3.5,0,1,1,11.06
A,A,L,T,3,0,0,1,11.06
A,BS,L,T,3,0,0,1,11.06
A,BV,L,T,3,0,0,1,11.06
BW,A,A,W,2.5,0,0,0,11.06
BW,BS,A,W,2.5,0,0,0,11.06
BW,BV,A,W,2.5,0,0,0,11.06
C,A,L,W,1,0,1,1,11.06
C,BS,L,W,1,0,1,0,11.06
C,BV,L,W,1,0,1,1,11.06
A,A,L,W,5.5,0,1,0,11.06
A,BS,L,W,5.5,0,1,0,11.06
A,BV,L,W,5.5,0,1,0,11.06
A,A,L,T,5.5,1,0,1,12.82
A,BS,L,T,5.5,1,0,1,12.82
A,BV,L,T,5.5,1,0,1,12.82
C,A,L,T,1,1,0,1,12.82
C,BS,L,T,1,1,0,1,12.82
C,BV,L,T,1,1,0,1,12.82
BW,A,L,T,2.5,0,0,0,6.72
BW,BS,L,T,2.5,0,0,0,6.72
BW,BV,L,T,2.5,0,0,0,6.72
A,A,A,W,2.5,0,1,1,6.72
A,BS,A,W,2.5,0,1,0,6.72
A,BV,A,W,2.5,0,1,1,6.72
C,A,L,W,5.5,1,0,1,6.72
C,BS,L,W,5.5,1,0,1,6.72
C,BV,L,W,5.5,1,0,1,6.72
BW,A,A,W,2.5,0,1,0,6.72
BW,BS,A,W,2.5,0,1,0,6.72
BW,BV,A,W,2.5,0,1,0,6.72
A,A,L,W,3.5,0,1,1,6.72
A,BS,L,W,3.5,0,1,1,6.72
A,BV,L,W,3.5,0,1,1,6.72
C,A,L,W,3.5,0,1,1,6.72
C,BS,L,W,3.5,0,1,0,6.72
C,BV,L,W,3.5,0,1,1,6.72
C,A,L,W,7,0,0,0,9.49
C,BS,L,W,7,0,0,0,9.49
C,BV,L,W,7,0,0,0,9.49
BL,A,L,W,1,0,0,1,9.49
BL,BS,L,W,1,0,0,1,9.49
BL,BV,L,W,1,0,0,1,9.49
BW,A,P,W,1,1,0,1,9.49
BW,BS,P,W,1,1,0,0,9.49
BW,BV,P,W,1,1,0,0,9.49
C,A,L,W,7,0,0,0,9.49
C,BS,L,W,7,0,0,0,9.49
C,BV,L,W,7,0,0,0,9.49
A,A,L,W,3,0,1,1,9.49
A,BS,L,W,3,0,1,0,9.49
A,BV,L,W,3,0,1,1,9.49
C,A,L,W,3.5,0,1,0,9.49
C,BS,L,W,3.5,0,1,0,9.49
C,BV,L,W,3.5,0,1,1,9.49
BW,A,A,T,2.5,0,1,0,9.49
BW,BS,A,T,2.5,0,1,0,9.49
BW,BV,A,T,2.5,0,1,0,9.49
C,A,L,T,3.5,0,1,0,9.49
C,BS,L,T,3.5,0,1,0,9.49
C,BV,L,T,3.5,0,1,1,9.49
BL,A,L,W,1,0,1,1,8.21
BL,BS,L,W,1,0,1,1,8.21
BL,BV,L,W,1,0,1,1,8.21
BL,A,A,T,NA,0,0,1,8.21
BL,BS,A,T,NA,0,0,1,8.21
BL,BV,A,T,NA,0,0,1,8.21
A,A,L,W,7,0,1,0,8.21
A,BS,L,W,7,0,1,1,8.21
A,BV,L,W,7,0,1,0,8.21
BW,A,A,T,2.5,0,0,1,5.97
BW,BS,A,T,2.5,0,0,0,5.97
BW,BV,A,T,2.5,0,0,0,5.97
A,A,L,T,3,0,1,1,5.97
A,BS,L,T,3,0,1,1,5.97
A,BV,L,T,3,0,1,1,5.97
C,A,L,T,3.5,0,1,1,5.97
C,BS,L,T,3.5,0,1,0,5.97
C,BV,L,T,3.5,0,1,1,5.97
C,A,L,W,8,0,0,0,5.97
C,BS,L,W,8,0,0,0,5.97
C,BV,L,W,8,0,0,0,5.97
A,A,P,W,1,0,0,1,5.97
A,BS,P,W,1,0,0,1,5.97
A,BV,P,W,1,0,0,1,5.97
A,A,L,W,4,0,0,1,5.97
A,BS,L,W,4,0,0,1,5.97
A,BV,L,W,4,0,0,1,5.97
C,A,L,W,2.5,0,0,0,5.97
C,BS,L,W,2.5,0,0,1,5.97
C,BV,L,W,2.5,0,0,1,5.97
BW,A,P,W,1,0,0,1,5.97
BW,BS,P,W,1,0,0,1,5.97
BW,BV,P,W,1,0,0,1,5.97
BL,A,L,T,9,0,0,0,15.15
BL,BS,L,T,9,0,0,0,15.15
BL,BV,L,T,9,0,0,0,15.15
A,A,L,T,3,1,0,0,2.01
A,BS,L,T,3,1,0,0,2.01
A,BV,L,T,3,1,0,1,2.01
A,A,L,R,11,0,0,0,15.15
A,BS,L,R,11,0,0,0,15.15
A,BV,L,R,11,0,0,0,15.15
C,A,L,T,3.5,1,0,0,2.01
C,BS,L,T,3.5,1,0,0,2.01
C,BV,L,T,3.5,1,0,1,2.01
BW,A,L,R,2,0,0,1,15.15
BW,BS,L,R,2,0,0,1,15.15
BW,BV,L,R,2,0,0,1,15.15
BW,A,P,T,1,1,0,1,2.01
BW,BS,P,T,1,1,0,0,2.01
BW,BV,P,T,1,1,0,0,2.01
A,A,L,R,4,0,0,1,15.15
A,BS,L,R,4,0,0,0,15.15
A,BV,L,R,4,0,0,0,15.15
BL,A,L,W,1,1,0,1,5.85
BL,BS,L,W,1,1,0,1,5.85
BL,BV,L,W,1,1,0,1,5.85
C,A,L,R,3,0,0,1,15.15
C,BS,L,R,3,0,0,0,15.15
C,BV,L,R,3,0,0,0,15.15
A,A,L,W,3,1,0,1,5.85
A,BS,L,W,3,1,0,1,5.85
A,BV,L,W,3,1,0,1,5.85
BL,A,L,R,9,0,1,0,15.15
BL,BS,L,R,9,0,1,0,15.15
BL,BV,L,R,9,0,1,0,15.15
C,A,L,W,3.5,1,0,0,5.85
C,BV,L,W,3.5,1,0,1,5.85
BW,A,P,W,1,1,0,0,5.85
BW,BS,P,W,1,1,0,0,5.85
BW,BV,P,W,1,1,0,0,5.85
BL,A,L,R,1,1,0,1,6.9
BL,BS,L,R,1,1,0,1,6.9
BL,BV,L,R,1,1,0,1,6.9
A,A,L,W,3,0,0,1,6.9
A,BS,L,W,3,0,0,0,6.9
A,BV,L,W,3,0,0,1,6.9
C,A,L,W,3.5,0,0,1,6.9
C,BV,L,W,3.5,0,0,0,6.9
BL,A,L,W,1,1,0,1,9.84
BL,BS,L,W,1,1,0,1,9.84
BL,BV,L,W,1,1,0,1,9.84
A,A,L,W,2,1,0,1,9.84
A,BS,L,W,2,1,0,0,9.84
A,BV,L,W,2,1,0,1,9.84
BL,A,L,W,1,1,0,1,10.84
BL,BS,L,W,1,1,0,1,10.84
BL,BV,L,W,1,1,0,1,10.84
BL,A,L,W,1,1,0,1,10.84
BL,BS,L,W,1,1,0,1,10.84
BL,BV,L,W,1,1,0,1,10.84
C,A,L,R,7,0,0,0,10.84
C,BV,L,R,7,0,0,0,10.84
BW,A,A,W,2.5,0,1,0,10.84
BW,BS,A,W,2.5,0,1,0,10.84
BW,BV,A,W,2.5,0,1,0,10.84
A,A,L,W,1,0,1,1,10.84
A,BS,L,W,1,0,1,1,10.84
A,BV,L,W,1,0,1,1,10.84
C,A,L,W,6,0,1,0,10.84
C,BV,L,W,6,0,1,0,10.84
A,A,L,W,3.5,0,1,1,10.84
A,BS,L,W,3.5,0,1,1,10.84
A,BV,L,W,3.5,0,1,1,10.84
C,A,L,W,3.5,0,1,0,10.84
C,BV,L,W,3.5,0,1,1,10.84
A,A,L,R,3.5,0,0,0,10.84
A,BS,L,R,3.5,0,0,1,10.84
A,BV,L,R,3.5,0,0,1,10.84
C,A,L,R,3.5,0,0,1,10.84
C,BV,L,R,3.5,0,0,1,10.84
A,A,L,W,3.5,0,1,0,10.84
A,BS,L,W,3.5,0,1,1,10.84
A,BV,L,W,3.5,0,1,1,10.84
C,A,L,W,3.5,0,1,0,10.84
C,BV,L,W,3.5,0,1,1,10.84
A,A,L,T,3.5,1,0,1,12.03
A,BS,L,T,3.5,1,0,1,12.03
A,BV,L,T,3.5,1,0,1,12.03
BW,A,P,T,1,1,0,1,12.03
BW,BS,P,T,1,1,0,0,12.03
BW,BV,P,T,1,1,0,0,12.03
C,A,L,T,3.5,1,0,1,12.03
C,BV,L,T,3.5,1,0,1,12.03
BL,A,L,W,1,1,1,1,12.03
BL,BS,L,W,1,1,1,1,12.03
BL,BV,L,W,1,1,1,1,12.03
BW,A,A,T,2.5,0,0,0,12.03
BW,BS,A,T,2.5,0,0,0,12.03
BW,BV,A,T,2.5,0,0,0,12.03
BW,A,A,R,2.5,0,0,0,12.27
BW,BS,A,R,2.5,0,0,0,12.27
BW,BV,A,R,2.5,0,0,0,12.27
A,A,L,R,3.5,0,0,1,12.27
A,BS,L,R,3.5,0,0,0,12.27
A,BV,L,R,3.5,0,0,0,12.27
C,A,L,R,3.5,0,0,0,12.27
C,BV,L,R,3.5,0,0,0,12.27
A,A,L,R,7,0,0,1,12.27
A,BS,L,R,7,0,0,0,12.27
A,BV,L,R,7,0,0,0,12.27
BL,A,L,R,5,0,0,0,12.27
BL,BS,L,R,5,0,0,0,12.27
BL,BV,L,R,5,0,0,0,12.27
BW,A,A,W,2.5,0,0,0,12.27
BW,BS,A,W,2.5,0,0,1,12.27
BW,BV,A,W,2.5,0,0,0,12.27
A,A,L,W,3.5,0,0,0,12.27
A,BS,L,W,3.5,0,0,1,12.27
A,BV,L,W,3.5,0,0,0,12.27
C,A,L,W,3.5,0,0,0,12.27
C,BV,L,W,3.5,0,0,0,12.27
A,A,L,W,1,0,0,1,12.27
A,BS,L,W,1,0,0,0,12.27
A,BV,L,W,1,0,0,1,12.27
C,A,L,T,8,0,0,0,5.88
C,BS,L,T,8,0,0,0,5.88
C,BV,L,T,8,0,0,0,5.88
BL,A,L,W,1,0,1,1,5.88
BL,BS,L,W,1,0,1,1,5.88
BL,BV,L,W,1,0,1,1,5.88
BL,A,L,W,1,1,1,1,5.88
BL,BS,L,W,1,1,1,1,5.88
BL,BV,L,W,1,1,1,1,5.88
BL,A,L,W,1,1,0,1,5.88
BL,BS,L,W,1,1,0,1,5.88
BL,BV,L,W,1,1,0,1,5.88
BW,A,P,W,1,1,0,0,5.88
BW,BS,P,W,1,1,0,0,5.88
BW,BV,P,W,1,1,0,0,5.88
BW,A,P,T,1,1,0,1,5.88
BW,BS,P,T,1,1,0,0,5.88
BW,BV,P,T,1,1,0,0,5.88
BL,A,L,R,1,1,0,1,6.63
BL,BS,L,R,1,1,0,1,6.63
BL,BV,L,R,1,1,0,1,6.63
A,A,L,W,1,0,0,0,6.63
A,BS,L,W,1,0,0,0,6.63
A,BV,L,W,1,0,0,0,6.63
BL,A,L,W,1,0,0,1,8.16
BL,BS,L,W,1,0,0,1,8.16
BL,BV,L,W,1,0,0,1,8.16
BW,A,A,W,2.5,0,1,0,8.16
BW,BS,A,W,2.5,0,1,0,8.16
BW,BV,A,W,2.5,0,1,0,8.16
A,A,L,W,3,0,0,1,8.16
A,BS,L,W,3,0,0,0,8.16
A,BV,L,W,3,0,0,1,8.16
BW,A,P,T,1,0,0,1,8.16
BW,BS,P,T,1,0,0,0,8.16
BW,BV,P,T,1,0,0,0,8.16
BW,A,A,W,2.5,0,1,0,8.16
BW,BS,A,W,2.5,0,1,0,8.16
BW,BV,A,W,2.5,0,1,0,8.16
A,A,L,W,3,0,0,0,8.16
A,BS,L,W,3,0,0,1,8.16
A,BV,L,W,3,0,0,1,8.16
C,A,L,W,3.5,0,0,0,8.16
C,BS,L,W,3.5,0,0,0,8.16
C,BV,L,W,3.5,0,0,1,8.16
A,A,L,R,3,1,0,1,10.23
A,BS,L,R,3,1,0,1,10.23
A,BV,L,R,3,1,0,0,10.23
C,A,L,R,3.5,1,0,1,10.23
C,BS,L,R,3.5,1,0,0,10.23
C,BV,L,R,3.5,1,0,1,10.23
BW,A,P,R,1,1,0,0,10.23
BW,BS,P,R,1,1,0,0,10.23
BW,BV,P,R,1,1,0,0,10.23
A,A,L,W,2,0,0,0,10.82
A,BS,L,W,2,0,0,0,10.82
A,BV,L,W,2,0,0,0,10.82
A,A,L,W,3,0,1,1,10.82
A,BS,L,W,3,0,1,1,10.82
A,BV,L,W,3,0,1,1,10.82
C,A,L,W,3.5,0,1,1,10.82
C,BV,L,W,3.5,0,1,1,10.82
A,A,L,W,2,0,0,1,11.49
A,BS,L,W,2,0,0,0,11.49
A,BV,L,W,2,0,0,0,11.49
C,A,L,W,12,0,0,0,11.49
C,BV,L,W,12,0,0,0,11.49
BL,A,L,W,1,0,0,1,11.49
BL,BS,L,W,1,0,0,1,11.49
BL,BV,L,W,1,0,0,1,11.49
C,A,L,W,7.5,0,0,0,11.49
C,BS,L,W,7.5,0,0,0,11.49
C,BV,L,W,7.5,0,0,0,11.49
A,A,L,T,2,0,0,1,11.49
A,BS,L,T,2,0,0,1,11.49
A,BV,L,T,2,0,0,1,11.49
C,A,L,W,3.5,0,0,0,11.49
C,BS,L,W,3.5,0,0,0,11.49
C,BV,L,W,3.5,0,0,1,11.49
A,A,L,W,3,0,0,1,11.49
A,BS,L,W,3,0,0,1,11.49
A,BV,L,W,3,0,0,1,11.49
BW,A,A,W,2.5,0,1,0,10.78
BW,BS,A,W,2.5,0,1,0,10.78
BW,BV,A,W,2.5,0,1,0,10.78
A,A,L,W,3,0,0,1,10.78
A,BS,L,W,3,0,0,1,10.78
A,BV,L,W,3,0,0,1,10.78
C,A,L,W,3.5,0,0,1,10.78
C,BS,L,W,3.5,0,0,0,10.78
C,BV,L,W,3.5,0,0,1,10.78
BW,A,A,T,2.5,0,1,0,10.78
BW,BS,A,T,2.5,0,1,0,10.78
BW,BV,A,T,2.5,0,1,0,10.78
A,A,L,T,3,0,0,1,10.78
A,BS,L,T,3,0,0,1,10.78
A,BV,L,T,3,0,0,0,10.78
C,A,L,T,3.5,0,0,0,10.78
C,BS,L,T,3.5,0,0,0,10.78
C,BV,L,T,3.5,0,0,0,10.78
A,A,L,W,3,1,0,1,9.69
A,BS,L,W,3,1,0,1,9.69
A,BV,L,W,3,1,0,1,9.69
C,A,L,W,3.5,1,0,1,9.69
C,BS,L,W,3.5,1,0,1,9.69
C,BV,L,W,3.5,1,0,1,9.69
BW,A,P,W,1,1,1,0,9.69
BW,BS,P,W,1,1,1,0,9.69
BW,BV,P,W,1,1,1,0,9.69
A,A,L,W,2.5,0,0,0,9.69
A,BS,L,W,2.5,0,0,1,9.69
A,BV,L,W,2.5,0,0,1,9.69
C,A,L,W,4,0,0,0,9.69
C,BS,L,W,4,0,0,1,9.69
C,BV,L,W,4,0,0,0,9.69
A,A,L,T,3,1,0,1,9.69
A,BS,L,T,3,1,0,1,9.69
A,BV,L,T,3,1,0,1,9.69
C,A,L,T,3.5,1,0,1,9.69
C,BS,L,T,3.5,1,0,0,9.69
C,BV,L,T,3.5,1,0,1,9.69
BW,A,P,T,1,1,0,1,9.69
BW,BS,P,T,1,1,0,0,9.69
BW,BV,P,T,1,1,0,0,9.69
BW,A,A,T,2.5,0,0,1,8.63
BW,BS,A,T,2.5,0,0,0,8.63
BW,BV,A,T,2.5,0,0,0,8.63
C,A,L,T,3.5,0,0,0,8.63
C,BS,L,T,3.5,0,0,0,8.63
C,BV,L,T,3.5,0,0,1,8.63
BW,A,A,T,2.5,0,1,0,8.63
BW,BS,A,T,2.5,0,1,0,8.63
BW,BV,A,T,2.5,0,1,0,8.63
A,A,L,T,3,0,0,0,8.63
A,BS,L,T,3,0,0,1,8.63
A,BV,L,T,3,0,0,1,8.63
C,A,L,T,3.5,0,0,0,8.63
C,BS,L,T,3.5,0,0,0,8.63
C,BV,L,T,3.5,0,0,0,8.63
A,A,L,T,9,1,0,0,9.32
A,BS,L,T,9,1,0,0,9.32
A,BV,L,T,9,1,0,0,9.32
A,A,L,T,3,1,0,1,9.46
A,BS,L,T,3,1,0,1,9.46
A,BV,L,T,3,1,0,1,9.46
C,A,L,T,3.5,1,0,0,9.46
C,BS,L,T,3.5,1,0,0,9.46
C,BV,L,T,3.5,1,0,1,9.46
BL,A,L,W,1,1,0,1,9.46
BL,BS,L,W,1,1,0,1,9.46
BL,BV,L,W,1,1,0,1,9.46
BL,A,L,W,1,1,0,1,10.35
BL,BS,L,W,1,1,0,1,10.35
BL,BV,L,W,1,1,0,1,10.35
BL,A,L,W,1,1,0,1,10.35
BL,BS,L,W,1,1,0,1,10.35
BL,BV,L,W,1,1,0,1,10.35
BL,A,L,W,1,1,1,1,11.87
BL,BS,L,W,1,1,1,1,11.87
BL,BV,L,W,1,1,1,1,11.87
A,A,L,W,3,1,0,0,13.15
A,BS,L,W,3,1,0,1,13.15
A,BV,L,W,3,1,0,1,13.15
C,A,L,W,3.5,1,1,1,13.15
C,BS,L,W,3.5,1,1,0,13.15
C,BV,L,W,3.5,1,1,1,13.15
BL,A,L,W,1,1,0,1,13.69
BL,BS,L,W,1,1,0,1,13.69
BL,BV,L,W,1,1,0,1,13.69
BL,A,L,W,1,1,0,1,13.69
BL,BS,L,W,1,1,0,1,13.69
BL,BV,L,W,1,1,0,1,13.69
BW,A,A,W,2.5,0,0,0,15.69
BW,BS,A,W,2.5,0,0,1,15.69
BW,BV,A,W,2.5,0,0,1,15.69
BL,A,L,W,1,0,0,1,15.69
BL,BS,L,W,1,0,0,1,15.69
BL,BV,L,W,1,0,0,1,15.69
A,A,L,R,3,0,0,1,15.15
A,BS,L,R,3,0,0,1,15.15
A,BV,L,R,3,0,0,0,15.15
C,A,L,R,3.5,0,0,1,15.15
C,BS,L,R,3.5,0,0,0,15.15
C,BV,L,R,3.5,0,0,0,15.15
A,A,L,W,3,1,1,1,12.58
A,BS,L,W,3,1,1,1,12.58
A,BV,L,W,3,1,1,1,12.58
BL,A,L,W,1,1,0,1,12.98
BL,BS,L,W,1,1,0,1,12.98
BL,BV,L,W,1,1,0,1,12.98
A,A,L,W,3,0,1,0,12.98
A,BS,L,W,3,0,1,1,12.98
A,BV,L,W,3,0,1,0,12.98
C,A,L,W,3.5,0,1,0,12.98
C,BS,L,W,3.5,0,1,0,12.98
C,BV,L,W,3.5,0,1,0,12.98
C,A,L,W,7,0,0,0,13.84
C,BS,L,W,7,0,0,0,13.84
C,BV,L,W,7,0,0,0,13.84
BW,A,P,R,1,1,0,1,13.84
BW,BS,P,R,1,1,0,1,13.84
BW,BV,P,R,1,1,0,1,13.84
C,A,L,R,1,1,0,1,13.84
C,BS,L,R,1,1,0,0,13.84
C,BV,L,R,1,1,0,1,13.84
C,A,L,T,3.5,0,0,0,14.99
C,BS,L,T,3.5,0,0,0,14.99
C,BV,L,T,3.5,0,0,0,14.99
A,A,L,T,3.5,0,0,1,14.99
A,BS,L,T,3.5,0,0,0,14.99
A,BV,L,T,3.5,0,0,0,14.99
A,A,L,W,3,1,1,1,14.64
A,BS,L,W,3,1,1,1,14.64
A,BV,L,W,3,1,1,1,14.64
C,A,L,W,4,1,1,1,14.64
C,BS,L,W,4,1,1,1,14.64
C,BV,L,W,4,1,1,1,14.64
A,A,L,T,3,1,1,1,14.64
A,BS,L,T,3,1,1,0,14.64
A,BV,L,T,3,1,1,1,14.64
C,A,L,T,4,1,1,1,14.64
C,BS,L,T,4,1,1,0,14.64
C,BV,L,T,4,1,1,1,14.64
C,A,L,W,10,0,1,0,14.64
C,BS,L,W,10,0,1,0,14.64
C,BV,L,W,10,0,1,0,14.64
C,A,L,W,10,0,1,0,14.64
C,BS,L,W,10,0,1,0,14.64
C,BV,L,W,10,0,1,0,14.64
A,A,L,T,3,0,0,1,14.64
A,BS,L,T,3,0,0,0,14.64
A,BV,L,T,3,0,0,0,14.64
C,A,L,T,4,0,0,0,14.64
C,BS,L,T,4,0,0,0,14.64
C,BV,L,T,4,0,0,0,14.64
C,A,L,T,1,0,0,1,14.64
C,BS,L,T,1,0,0,0,14.64
C,BV,L,T,1,0,0,0,14.64
A,A,L,T,8,0,0,1,14.64
A,BS,L,T,8,0,0,0,14.64
A,BV,L,T,8,0,0,0,14.64
A,A,L,W,3,0,1,0,15.05
A,BS,L,W,3,0,1,1,15.05
A,BV,L,W,3,0,1,0,15.05
C,A,L,W,4,0,1,0,15.05
C,BS,L,W,4,0,1,0,15.05
C,BV,L,W,4,0,1,1,15.05
C,A,L,W,9,0,0,0,15.05
C,BS,L,W,9,0,0,0,15.05
C,BV,L,W,9,0,0,0,15.05
C,A,L,W,7,0,1,0,15.05
C,BS,L,W,7,0,1,0,15.05
C,BV,L,W,7,0,1,0,15.05
BL,A,L,W,1,0,1,0,15.05
BL,BS,L,W,1,0,1,0,15.05
BL,BV,L,W,1,0,1,0,15.05
BL,A,L,W,1,0,1,1,15.05
BL,BS,L,W,1,0,1,1,15.05
BL,BV,L,W,1,0,1,1,15.05
C,A,L,W,10,1,0,0,15.05
C,BS,L,W,10,1,0,0,15.05
C,BV,L,W,10,1,0,0,15.05
C,A,L,T,10,0,1,0,15
C,BS,L,T,10,0,1,0,15
C,BV,L,T,10,0,1,0,15
BW,A,P,W,1,1,1,0,15
BW,BS,P,W,1,1,1,1,15
BW,BV,P,W,1,1,1,0,15
BW,A,P,W,1,1,1,0,15
BW,BS,P,W,1,1,1,0,15
BW,BV,P,W,1,1,1,1,15
C,A,L,W,4,0,0,0,15
C,BS,L,W,4,0,0,0,15
C,BV,L,W,4,0,0,0,15
BW,A,P,T,1,0,0,0,15
BW,BS,P,T,1,0,0,0,15
BW,BV,P,T,1,0,0,0,15
A,A,L,R,3,0,0,0,15
A,BS,L,R,3,0,0,0,15
A,BV,L,R,3,0,0,0,15
C,A,L,R,4,0,0,0,15
C,BS,L,R,4,0,0,0,15
C,BV,L,R,4,0,0,0,15
C,A,L,W,4,0,0,0,14.37
C,BS,L,W,4,0,0,0,14.37
C,BV,L,W,4,0,0,0,14.37
A,A,L,W,1,0,0,1,14.37
A,BS,L,W,1,0,0,0,14.37
A,BV,L,W,1,0,0,0,14.37
BL,A,L,W,1,0,0,1,14.35
BL,BS,L,W,1,0,0,1,14.35
BL,BV,L,W,1,0,0,0,14.35
C,A,L,W,7,0,1,0,14.35
C,BS,L,W,7,0,1,0,14.35
C,BV,L,W,7,0,1,0,14.35
C,A,L,W,7,0,0,0,14.35
C,BS,L,W,7,0,0,0,14.35
C,BV,L,W,7,0,0,0,14.35
A,A,L,W,7,0,1,0,14.35
A,BS,L,W,7,0,1,0,14.35
A,BV,L,W,7,0,1,0,14.35
BL,A,L,W,1,1,0,1,5.09
BL,BS,L,W,1,1,0,1,5.09
BL,BV,L,W,1,1,0,1,5.09
C,A,L,T,7,0,0,0,5.09
C,BS,L,T,7,0,0,0,5.09
C,BV,L,T,7,0,0,0,5.09
BL,A,L,W,1,0,1,1,5.09
BL,BS,L,W,1,0,1,1,5.09
BL,BV,L,W,1,0,1,1,5.09
BW,A,P,W,1,0,0,1,5.09
BW,BS,P,W,1,0,0,1,5.09
BW,BV,P,W,1,0,0,1,5.09
C,A,L,W,8,0,0,0,5.09
C,BS,L,W,8,0,0,0,5.09
C,BV,L,W,8,0,0,0,5.09
C,A,L,W,3.5,0,1,1,8.2
C,BS,L,W,3.5,0,1,1,8.2
C,BV,L,W,3.5,0,1,1,8.2
A,A,L,W,3,0,1,1,8.2
A,BS,L,W,3,0,1,1,8.2
A,BV,L,W,3,0,1,1,8.2
C,A,L,W,9,0,0,0,11.52
C,BS,L,W,9,0,0,0,11.52
C,BV,L,W,9,0,0,0,11.52
BW,A,A,W,2.5,0,0,1,11.92
BW,BS,A,W,2.5,0,0,1,11.92
BW,BV,A,W,2.5,0,0,1,11.92
A,A,L,W,4,0,0,0,11.92
A,BS,L,W,4,0,0,1,11.92
A,BV,L,W,4,0,0,1,11.92
C,A,L,W,3,0,0,0,11.92
C,BS,L,W,3,0,0,1,11.92
C,BV,L,W,3,0,0,1,11.92
BL,A,L,W,1,1,0,1,11.92
BL,BS,L,W,1,1,0,1,11.92
BL,BV,L,W,1,1,0,1,11.92
C,A,L,R,4,0,0,1,11.92
C,BS,L,R,4,0,0,0,11.92
C,BV,L,R,4,0,0,1,11.92
A,A,L,R,2.5,1,0,1,11.92
A,BS,L,R,2.5,1,0,1,11.92
A,BV,L,R,2.5,1,0,1,11.92
C,A,L,R,4.5,1,0,1,11.92
C,BS,L,R,4.5,1,0,0,11.92
C,BV,L,R,4.5,1,0,0,11.92
BL,A,L,W,1,1,0,1,3.49
BL,BS,L,W,1,1,0,1,3.49
BL,BV,L,W,1,1,0,1,3.49
C,A,L,W,8,0,0,0,3.49
C,BS,L,W,8,0,0,0,3.49
C,BV,L,W,8,0,0,0,3.49
A,A,L,W,7,0,1,1,4.96
A,BS,L,W,7,0,1,0,4.96
A,BV,L,W,7,0,1,0,4.96
BL,A,L,W,1,0,0,1,4.96
BL,BS,L,W,1,0,0,1,4.96
BL,BV,L,W,1,0,0,1,4.96
BL,A,L,W,1,1,0,1,4.96
BL,BS,L,W,1,1,0,1,4.96
BL,BV,L,W,1,1,0,1,4.96
BL,A,L,W,1,1,0,1,4.96
BL,BS,L,W,1,1,0,1,4.96
BL,BV,L,W,1,1,0,1,4.96
A,A,L,T,6,1,0,1,4.96
A,BS,L,T,6,1,0,0,4.96
A,BV,L,T,6,1,0,0,4.96
C,A,L,T,4,0,0,1,4.96
C,BS,L,T,4,0,0,0,4.96
C,BV,L,T,4,0,0,0,4.96
C,A,L,T,7.5,0,0,0,8.94
C,BS,L,T,7.5,0,0,0,8.94
C,BV,L,T,7.5,0,0,0,8.94
C,A,L,W,7,0,0,0,8.94
C,BS,L,W,7,0,0,0,8.94
C,BV,L,W,7,0,0,0,8.94
C,A,L,W,7,0,0,0,8.94
C,BS,L,W,7,0,0,0,8.94
C,BV,L,W,7,0,0,1,8.94
C,A,L,W,10,0,0,0,8.65
C,BS,L,W,10,0,0,0,8.65
C,BV,L,W,10,0,0,0,8.65
BL,A,L,W,1,0,1,0,8.65
BL,BS,L,W,1,0,1,1,8.65
BL,BV,L,W,1,0,1,1,8.65
C,A,L,T,3.5,0,0,0,8.65
C,BS,L,T,3.5,0,0,1,8.65
C,BV,L,T,3.5,0,0,1,8.65
A,A,L,T,4,0,0,1,8.65
A,BS,L,T,4,0,0,0,8.65
A,BV,L,T,4,0,0,1,8.65
BL,A,L,W,1,0,1,1,8.65
BL,BS,L,W,1,0,1,0,8.65
BL,BV,L,W,1,0,1,1,8.65
BW,A,L,W,2,0,0,0,8.65
BW,BS,L,W,2,0,0,1,8.65
BW,BV,L,W,2,0,0,1,8.65
C,A,L,T,2,0,0,1,8.65
C,BS,L,T,2,0,0,1,8.65
C,BV,L,T,2,0,0,1,8.65
A,A,L,T,5,0,1,1,8.65
A,BS,L,T,5,0,1,0,8.65
A,BV,L,T,5,0,1,0,8.65
C,A,L,T,8,0,0,0,8.65
C,BS,L,T,8,0,0,0,8.65
C,BV,L,T,8,0,0,0,8.65
C,A,L,T,7,0,0,1,8.65
C,BS,L,T,7,0,0,0,8.65
C,BV,L,T,7,0,0,0,8.65
BL,A,L,T,1,1,0,1,1.46
BL,BS,L,T,1,1,0,1,1.46
BL,BV,L,T,1,1,0,1,1.46
BL,A,L,W,1,1,0,1,1.46
BL,BS,L,W,1,1,0,1,1.46
BL,BV,L,W,1,1,0,1,1.46
BW,A,P,W,1,1,0,0,1.46
BW,BS,P,W,1,1,0,0,1.46
BW,BV,P,W,1,1,0,0,1.46
C,A,L,R,8,0,0,0,1.46
C,BS,L,R,8,0,0,0,1.46
C,BV,L,R,8,0,0,1,1.46
C,A,L,R,8,0,0,0,1.46
C,BS,L,R,8,0,0,0,1.46
C,BV,L,R,8,0,0,0,1.46
C,A,L,R,8,0,0,0,1.46
C,BS,L,R,8,0,0,0,1.46
C,BV,L,R,8,0,0,0,1.46
BL,A,A,T,NA,0,1,0,1.46
BL,BS,A,T,NA,0,1,1,1.46
BL,BV,A,T,NA,0,1,1,1.46
BW,A,P,T,1,0,1,0,1.46
BW,BS,P,T,1,0,1,0,1.46
BW,BV,P,T,1,0,1,0,1.46
C,A,L,T,8,0,0,0,1.46
C,BS,L,T,8,0,0,0,1.46
C,BV,L,T,8,0,0,1,1.46
BL,A,L,W,1,0,0,1,1.46
BL,BS,L,W,1,0,0,1,1.46
BL,BV,L,W,1,0,0,1,1.46
C,A,L,T,8,0,0,0,1.46
C,BS,L,T,8,0,0,0,1.46
C,BV,L,T,8,0,0,0,1.46
C,A,L,T,1,0,0,0,4.69
C,BS,L,T,1,0,0,0,4.69
C,BV,L,T,1,0,0,0,4.69
A,A,L,T,6,0,0,0,4.69
A,BS,L,T,6,0,0,0,4.69
A,BV,L,T,6,0,0,0,4.69
BW,A,A,W,2.5,0,1,1,4.69
BW,BS,A,W,2.5,0,1,1,4.69
BW,BV,A,W,2.5,0,1,1,4.69
A,A,L,W,4,0,0,1,4.69
A,BS,L,W,4,0,0,0,4.69
A,BV,L,W,4,0,0,1,4.69
C,A,L,W,3,0,0,0,4.69
C,BS,L,W,3,0,0,1,4.69
C,BV,L,W,3,0,0,1,4.69
BL,A,L,W,1,0,0,0,4.69
BL,BS,L,W,1,0,0,0,4.69
BL,BV,L,W,1,0,0,1,4.69
A,A,L,R,3,1,0,1,4.69
A,BS,L,R,3,1,0,0,4.69
A,BV,L,R,3,1,0,1,4.69
BW,A,P,R,1,1,1,1,4.69
BW,BS,P,R,1,1,1,0,4.69
BW,BV,P,R,1,1,1,0,4.69
C,A,L,W,3,0,0,0,4.69
C,BS,L,W,3,0,0,1,4.69
C,BV,L,W,3,0,0,1,4.69
A,A,L,W,4,0,0,0,4.69
A,BS,L,W,4,0,0,0,4.69
A,BV,L,W,4,0,0,1,4.69
A,A,L,W,3,0,0,1,4.69
A,BS,L,W,3,0,0,1,4.69
A,BV,L,W,3,0,0,1,4.69
C,A,L,W,4,0,0,0,4.69
C,BS,L,W,4,0,0,1,4.69
C,BV,L,W,4,0,0,1,4.69
C,A,L,W,4,0,0,1,10.02
C,BS,L,W,4,0,0,0,10.02
C,BV,L,W,4,0,0,0,10.02
C,A,L,W,5,0,0,0,10.02
C,BS,L,W,5,0,0,0,10.02
C,BV,L,W,5,0,0,0,10.02
C,A,L,W,4,0,0,0,8.99
C,BS,L,W,4,0,0,0,8.99
C,BV,L,W,4,0,0,1,8.99
BL,A,L,W,1,0,0,1,8.99
BL,BS,L,W,1,0,0,1,8.99
BL,BV,L,W,1,0,0,1,8.99
A,A,L,T,3,0,1,1,8.99
A,BS,L,T,3,0,1,1,8.99
A,BV,L,T,3,0,1,1,8.99
C,A,L,T,3.5,0,1,1,8.99
C,BS,L,T,3.5,0,1,0,8.99
C,BV,L,T,3.5,0,1,1,8.99
A,A,L,W,3,0,0,1,8.99
A,BS,L,W,3,0,0,0,8.99
A,BV,L,W,3,0,0,1,8.99
C,A,L,W,4,0,0,0,8.99
C,BS,L,W,4,0,0,1,8.99
C,BV,L,W,4,0,0,0,8.99
A,A,L,T,3,0,1,1,8.99
A,BS,L,T,3,0,1,1,8.99
A,BV,L,T,3,0,1,1,8.99
C,A,L,T,3.5,0,0,1,8.99
C,BS,L,T,3.5,0,0,0,8.99
C,BV,L,T,3.5,0,0,1,8.99
BL,A,L,W,1,1,0,1,3.49
BL,BS,L,W,1,1,0,1,3.49
BL,BV,L,W,1,1,0,1,3.49
C,A,L,W,8,0,0,0,3.49
C,BS,L,W,8,0,0,0,3.49
C,BV,L,W,8,0,0,0,3.49
BL,A,L,W,1,0,0,1,4.96
BL,BS,L,W,1,0,0,1,4.96
BL,BV,L,W,1,0,0,1,4.96
BL,A,L,W,1,1,0,1,4.96
BL,BS,L,W,1,1,0,1,4.96
BL,BV,L,W,1,1,0,1,4.96
BL,A,L,W,1,1,0,1,4.96
BL,BS,L,W,1,1,0,1,4.96
BL,BV,L,W,1,1,0,1,4.96
A,A,L,T,6,1,0,1,4.96
A,BS,L,T,6,1,0,1,4.96
A,BV,L,T,6,1,0,0,4.96
C,A,L,T,4,0,0,1,4.96
C,BS,L,T,4,0,0,0,4.96
C,BV,L,T,4,0,0,0,4.96
C,A,L,T,7.5,0,0,0,8.94
C,BS,L,T,7.5,0,0,0,8.94
C,BV,L,T,7.5,0,0,0,8.94
C,A,L,W,7,0,0,0,8.94
C,BS,L,W,7,0,0,0,8.94
C,BV,L,W,7,0,0,0,8.94
C,A,L,W,7,0,0,0,8.94
C,BS,L,W,7,0,0,0,8.94
C,BV,L,W,7,0,0,1,8.94
C,A,L,W,10,0,0,NA,8.65
C,BS,L,W,10,0,0,NA,8.65
C,BV,L,W,10,0,0,NA,8.65
BL,A,L,W,1,0,1,0,8.65
BL,BS,L,W,1,0,1,1,8.65
BL,BV,L,W,1,0,1,1,8.65
C,A,L,T,3.5,0,0,0,8.65
C,BS,L,T,3.5,0,0,1,8.65
C,BV,L,T,3.5,0,0,1,8.65
A,A,L,T,4,0,0,1,8.65
A,BS,L,T,4,0,0,1,8.65
A,BV,L,T,4,0,0,1,8.65
BL,A,L,W,1,0,1,1,8.65
BL,BS,L,W,1,0,1,0,8.65
BL,BV,L,W,1,0,1,1,8.65
BW,A,L,W,2,0,0,0,8.65
BW,BS,L,W,2,0,0,1,8.65
BW,BV,L,W,2,0,0,1,8.65
C,A,L,T,2,0,0,1,8.65
C,BS,L,T,2,0,0,1,8.65
C,BV,L,T,2,0,0,1,8.65
A,A,L,T,5,0,1,1,8.65
A,BS,L,T,5,0,1,1,8.65
A,BV,L,T,5,0,1,0,8.65
C,A,L,T,8,0,0,0,8.65
C,BS,L,T,8,0,0,0,8.65
C,BV,L,T,8,0,0,0,8.65
C,A,L,T,7,0,0,1,8.65
C,BS,L,T,7,0,0,0,8.65
C,BV,L,T,7,0,0,0,8.65
BL,A,L,T,1,1,0,1,1.46
BL,BS,L,T,1,1,0,1,1.46
BL,BV,L,T,1,1,0,1,1.46
BL,A,L,W,1,1,0,1,1.46
BL,BS,L,W,1,1,0,1,1.46
BL,BV,L,W,1,1,0,1,1.46
BW,A,P,W,1,1,0,0,1.46
BW,BS,P,W,1,1,0,0,1.46
BW,BV,P,W,1,1,0,0,1.46
C,A,L,R,8,0,0,0,1.46
C,BS,L,R,8,0,0,0,1.46
C,BV,L,R,8,0,0,1,1.46
C,A,L,R,8,0,0,0,1.46
C,BS,L,R,8,0,0,0,1.46
C,BV,L,R,8,0,0,0,1.46
C,A,L,R,8,0,0,0,1.46
C,BS,L,R,8,0,0,0,1.46
C,BV,L,R,8,0,0,0,1.46
BL,A,A,T,NA,0,1,0,1.46
BL,BS,A,T,NA,0,1,1,1.46
BL,BV,A,T,NA,0,1,1,1.46
BW,A,P,T,1,0,1,0,1.46
BW,BS,P,T,1,0,1,0,1.46
BW,BV,P,T,1,0,1,0,1.46
C,A,L,T,8,0,0,0,1.46
C,BS,L,T,8,0,0,0,1.46
C,BV,L,T,8,0,0,1,1.46
BL,A,L,W,1,0,0,1,1.46
BL,BS,L,W,1,0,0,1,1.46
BL,BV,L,W,1,0,0,1,1.46
C,A,L,T,8,0,0,0,1.46
C,BS,L,T,8,0,0,0,1.46
C,BV,L,T,8,0,0,0,1.46
C,A,L,T,1,0,0,0,4.69
C,BS,L,T,1,0,0,0,4.69
C,BV,L,T,1,0,0,0,4.69
A,A,L,T,6,0,0,0,4.69
A,BS,L,T,6,0,0,1,4.69
A,BV,L,T,6,0,0,0,4.69
BW,A,A,W,2.5,0,1,1,4.69
BW,BS,A,W,2.5,0,1,1,4.69
BW,BV,A,W,2.5,0,1,1,4.69
A,A,L,W,4,0,0,1,4.69
A,BS,L,W,4,0,0,1,4.69
A,BV,L,W,4,0,0,1,4.69
C,A,L,W,3,0,0,0,4.69
C,BS,L,W,3,0,0,1,4.69
C,BV,L,W,3,0,0,1,4.69
BL,A,L,W,1,0,0,0,4.69
BL,BS,L,W,1,0,0,0,4.69
BL,BV,L,W,1,0,0,1,4.69
A,A,L,R,3,1,0,1,4.69
A,BS,L,R,3,1,0,1,4.69
A,BV,L,R,3,1,0,1,4.69
BW,A,P,R,1,1,1,1,4.69
BW,BS,P,R,1,1,1,0,4.69
BW,BV,P,R,1,1,1,0,4.69
C,A,L,W,3,0,0,0,4.69
C,BS,L,W,3,0,0,1,4.69
C,BV,L,W,3,0,0,1,4.69
A,A,L,W,4,0,0,0,4.69
A,BS,L,W,4,0,0,1,4.69
A,BV,L,W,4,0,0,1,4.69
A,A,L,W,3,0,0,1,4.69
A,BS,L,W,3,0,0,1,4.69
A,BV,L,W,3,0,0,1,4.69
C,A,L,W,4,0,0,0,4.69
C,BS,L,W,4,0,0,1,4.69
C,BV,L,W,4,0,0,1,4.69
C,A,L,W,2,1,0,1,4.69
C,BV,L,W,2,1,0,1,4.69
C,BS,L,W,2,1,0,0,4.69
C,A,L,T,5,0,1,1,6.42
C,BV,L,T,5,0,1,0,6.42
C,BS,L,T,5,0,1,0,6.42
A,A,L,T,2,0,1,1,6.42
A,BS,L,T,2,0,1,1,6.42
A,BV,L,T,2,0,1,1,6.42
A,A,L,R,3,0,0,1,6.42
A,BS,L,R,3,0,0,1,6.42
A,BV,L,R,3,0,0,1,6.42
C,A,L,R,4,0,0,1,6.42
C,BV,L,R,4,0,0,0,6.42
C,BS,L,R,4,0,0,0,6.42
A,A,L,R,3,0,0,1,6.42
A,BS,L,R,3,0,0,1,6.42
A,BV,L,R,3,0,0,0,6.42
C,A,L,R,4,0,0,0,6.42
C,BV,L,R,4,0,0,0,6.42
C,BS,L,R,4,0,0,0,6.42
C,A,L,R,7.5,0,0,0,6.42
C,BV,L,R,7.5,0,0,0,6.42
C,BS,L,R,7.5,0,0,0,6.42
A,A,L,R,1,0,0,1,6.42
A,BS,L,R,1,0,0,1,6.42
A,BV,L,R,1,0,0,1,6.42
C,A,L,W,7,0,0,0,6.42
C,BV,L,W,7,0,0,0,6.42
C,BS,L,W,7,0,0,0,6.42
A,A,L,T,6,0,1,1,6.42
A,BS,L,T,6,0,0,1,6.42
A,BV,L,T,6,0,0,0,6.42
C,A,L,T,1,0,0,1,6.42
C,BV,L,T,1,0,0,1,6.42
C,BS,L,T,1,0,0,1,6.42
BW,A,A,W,2.5,0,1,1,6.42
BW,BS,A,W,2.5,0,1,1,6.42
BW,BV,A,W,2.5,0,1,1,6.42
A,A,L,W,4,0,0,1,6.42
A,BS,L,W,4,0,0,1,6.42
A,BV,L,W,4,0,0,1,6.42
C,A,L,W,3,0,0,0,6.42
C,BV,L,W,3,0,0,0,6.42
C,BS,L,W,3,0,0,1,6.42
BL,A,L,W,1,1,0,1,6.58
BL,BS,L,W,1,1,0,1,6.58
BL,BV,L,W,1,1,0,1,6.58
C,A,L,W,8,0,0,0,7.05
C,BV,L,W,8,0,0,0,7.05
C,BS,L,W,8,0,0,0,7.05
C,A,L,W,7,0,0,0,7.05
C,BV,L,W,7,0,0,0,7.05
C,BS,L,W,7,0,0,0,7.05
C,A,L,T,7,0,0,1,6.69
C,BV,L,T,7,0,0,0,6.69
C,BS,L,T,7,0,0,0,6.69
A,A,L,T,3.5,0,1,1,6.69
A,BS,L,T,3.5,0,1,1,6.69
A,BV,L,T,3.5,0,1,1,6.69
C,A,L,T,3.5,0,0,0,6.69
C,BV,L,T,3.5,0,0,1,6.69
C,BS,L,T,3.5,0,0,0,6.69
A,A,L,W,3.5,1,0,1,6.31
A,BS,L,W,3.5,1,0,1,6.31
A,BV,L,W,3.5,1,0,1,6.31
C,A,L,W,3.5,1,0,1,6.31
C,BV,L,W,3.5,1,0,1,6.31
C,BS,L,W,3.5,1,0,1,6.31
A,A,L,W,8,0,1,0,6.31
A,BS,L,W,8,0,1,0,6.31
A,BV,L,W,8,0,1,0,6.31
C,A,L,T,1,0,0,1,6.31
C,BV,L,T,1,0,0,1,6.31
C,BS,L,T,1,0,0,1,6.31
BL,A,L,W,1,1,1,1,3.53
BL,BS,L,W,1,1,1,1,3.53
BL,BV,L,W,1,1,1,1,3.53
A,A,L,W,3.5,1,1,1,3.53
A,BS,L,W,3.5,1,0,1,3.53
A,BV,L,W,3.5,1,0,1,3.53
C,A,L,W,3.5,1,0,0,3.53
C,BV,L,W,3.5,1,0,1,3.53
C,A,L,T,10,1,0,0,3.53
C,BV,L,T,10,1,0,0,3.53
A,A,L,W,4,1,0,1,3.76
A,BS,L,W,4,1,0,1,3.76
A,BV,L,W,4,1,0,1,3.76
C,A,L,W,3,1,0,1,3.76
C,BV,L,W,3,1,0,1,3.76
BW,A,P,W,NA,1,0,1,3.76
BW,BS,P,W,NA,1,0,1,3.76
BW,BV,P,W,NA,1,0,1,3.76
A,A,L,T,4,1,0,1,3.76
A,BS,L,T,4,1,0,0,3.76
C,A,L,T,3,1,0,1,3.76
C,BV,L,T,3,1,0,1,3.76
C,A,L,T,7,0,0,0,3.76
C,BV,L,T,7,0,0,0,3.76
C,A,L,T,7,0,1,0,3.76
C,BV,L,T,7,0,1,0,3.76
C,A,L,T,7,0,1,0,4.25
C,BV,L,T,7,0,1,0,4.25
C,A,L,W,8,0,0,0,5.88
C,BV,L,W,8,0,0,0,5.88
BL,A,L,W,1,0,0,1,5.88
BL,BS,L,W,1,0,0,1,5.88
BL,BV,L,W,1,0,0,0,5.88
C,A,L,W,7,0,1,0,5.88
C,BV,L,W,7,0,1,0,5.88
BL,A,L,W,1,0,0,1,5.88
BL,BS,L,W,1,0,0,1,5.88
BL,BV,L,W,1,0,0,1,5.88
C,A,L,W,2,0,0,1,5.88
C,BV,L,W,2,0,0,1,5.88
C,A,L,W,7,0,0,0,8.01
C,BV,L,W,7,0,0,0,8.01
C,A,L,T,7,0,0,0,8.01
C,BV,L,T,7,0,0,0,8.01
BL,A,L,T,10,0,1,0,5.88
BL,BS,L,T,10,0,1,0,5.88
BL,BV,L,T,10,0,1,0,5.88
BL,A,L,T,10,0,1,1,8.01
BL,BS,L,T,10,0,1,0,8.01
BL,BV,L,T,10,0,1,0,8.01
A,A,L,T,1,1,1,1,2.91
A,BS,L,T,1,1,1,1,2.91
A,BV,L,T,1,1,1,1,2.91
A,A,L,W,3,1,1,1,2.91
A,BS,L,W,3,1,1,1,2.91
A,BV,L,W,3,1,1,1,2.91
C,A,L,R,7,1,1,0,2.91
C,BV,L,R,7,1,1,0,2.91
BL,A,L,W,1,1,1,1,6.48
BL,BS,L,W,1,1,1,1,6.48
BL,BV,L,W,1,1,1,1,6.48
A,A,L,W,2,1,0,1,6.48
A,BS,L,W,2,1,0,0,6.48
A,BV,L,W,2,1,0,1,6.48
C,A,L,W,5,1,0,0,6.48
C,BV,L,W,5,1,0,0,6.48
A,BS,L,W,3,0,0,1,7.13
A,BV,L,W,3,0,0,1,7.13
C,A,L,W,4,0,1,0,7.13
C,BS,L,W,4,0,1,1,7.13
C,BV,L,W,4,0,1,1,7.13
C,A,L,W,1,0,0,1,8.23
C,BS,L,W,1,0,0,1,8.23
C,BV,L,W,1,0,0,1,8.23
A,A,L,W,6,0,0,0,8.23
A,BS,L,W,6,0,0,1,8.23
A,BV,L,W,6,0,0,0,8.23
BW,A,A,W,2.5,0,0,1,8.23
BW,BS,A,W,2.5,0,0,1,8.23
BW,BV,A,W,2.5,0,0,1,8.23
C,A,L,T,2,0,0,1,8.23
C,BS,L,T,2,0,0,1,8.23
C,BV,L,T,2,0,0,1,8.23
A,A,L,T,5,0,1,1,8.23
A,BS,L,T,5,0,1,1,8.23
A,BV,L,T,5,0,1,0,8.23
BW,A,A,W,2.5,0,0,1,8.97
BW,BS,A,W,2.5,0,0,1,8.97
BW,BV,A,W,2.5,0,0,1,8.97
A,A,L,W,4,0,1,0,8.97
A,BS,L,W,4,0,1,1,8.97
A,BV,L,W,4,0,1,0,8.97
A,A,L,W,5,0,0,0,8.97
A,BS,L,W,5,0,0,1,8.97
A,BV,L,W,5,0,0,0,8.97
C,A,L,W,9,0,0,0,8.97
C,BS,L,W,9,0,0,0,8.97
C,BV,L,W,9,0,0,0,8.97
BW,A,P,W,NA,0,0,1,8.97
BW,BS,P,W,NA,0,0,1,8.97
BW,BV,P,W,NA,0,0,1,8.97
BW,A,A,W,2.5,0,0,1,8.97
BW,BS,A,W,2.5,0,0,1,8.97
BW,BV,A,W,2.5,0,0,1,8.97
C,A,L,W,3,0,0,0,8.97
C,BS,L,W,3,0,0,1,8.97
C,BV,L,W,3,0,0,1,8.97
A,A,L,W,4,0,0,0,8.97
A,BS,L,W,4,0,0,1,8.97
A,BV,L,W,4,0,0,1,8.97
C,A,L,R,3,1,0,1,8.97
C,BS,L,R,3,1,0,1,8.97
C,BV,L,R,3,1,0,1,8.97
A,A,L,R,4,1,0,1,8.97
A,BS,L,R,4,1,0,1,8.97
A,BV,L,R,4,1,0,1,8.97
BW,A,A,R,2.5,1,0,1,8.97
BW,BS,A,R,2.5,1,0,1,8.97
BW,BV,A,R,2.5,1,0,1,8.97
A,A,L,R,2,1,0,0,6.48
A,BS,L,R,2,1,0,1,6.48
A,BV,L,R,2,1,0,1,6.48
C,A,L,R,5,1,0,1,6.48
C,BV,L,R,5,1,0,0,6.48
BL,A,L,W,1,1,0,1,0.91
BL,BS,L,W,1,1,0,1,0.91
BL,BV,L,W,1,1,0,1,0.91
BL,A,L,T,7,1,0,1,0.91
BL,BS,L,T,7,1,0,1,0.91
BL,BV,L,T,7,1,0,0,0.91
A,A,L,T,1,1,0,1,0.91
A,BS,L,T,1,1,0,1,0.91
A,BV,L,T,1,1,0,1,0.91
C,A,L,T,6,1,0,1,0.91
C,BV,L,T,6,1,0,1,0.91
A,A,L,R,8,1,0,0,0.91
A,BS,L,R,8,1,0,0,0.91
A,BV,L,R,8,1,0,0,0.91
BL,A,L,W,1,1,1,1,0.91
BL,BS,L,W,1,1,1,1,0.91
BL,BV,L,W,1,1,1,1,0.91
BL,A,L,W,1,1,0,1,0.91
BL,BS,L,W,1,1,0,1,0.91
BL,BV,L,W,1,1,0,1,0.91
A,A,L,T,7,0,0,0,0.88
A,BV,L,T,7,0,0,0,0.88
C,A,L,T,1,0,0,1,0.88
C,BV,L,T,1,0,0,1,0.88
BL,A,L,T,6,1,0,0,0.88
BL,BS,L,T,6,1,0,0,0.88
BL,BV,L,T,6,1,0,0,0.88
BL,A,L,T,10,1,1,0,0.88
BL,BS,L,T,10,1,1,0,0.88
BL,BV,L,T,10,1,1,0,0.88
BL,A,L,W,1,1,0,1,0.86
BL,BS,L,W,1,1,0,1,0.86
BL,BV,L,W,1,1,0,1,0.86
BL,A,L,W,1,1,0,1,0.86
BL,BS,L,W,1,1,0,1,0.86
BL,BV,L,W,1,1,0,1,0.86
BL,A,L,T,1,1,0,0,0.86
BL,BS,L,T,1,1,0,1,0.86
BL,BV,L,T,1,1,0,0,0.86
BL,A,L,T,1,1,0,1,0.86
BL,BS,L,T,1,1,0,1,0.86
BL,BV,L,T,1,1,0,1,0.86
BL,A,L,W,1,1,0,1,3.54
BL,BS,L,W,1,1,0,1,3.54
BL,BV,L,W,1,1,0,1,3.54
BL,A,L,W,1,1,0,1,7.29
BL,BS,L,W,1,1,0,1,7.29
BL,BV,L,W,1,1,0,1,7.29
BW,A,P,T,NA,1,0,1,8.41
BW,BS,P,T,NA,1,0,1,8.41
BW,BV,P,T,NA,1,0,1,8.41
C,A,L,W,8,1,0,0,0.86
C,BV,L,W,8,1,0,0,0.86
A,A,L,W,2,1,0,1,6.57
A,BS,L,W,2,1,0,1,6.57
C,A,L,W,5,1,0,1,6.57
C,BV,L,W,5,1,0,1,6.57
C,A,L,W,7,1,0,0,6.57
C,BV,L,W,7,1,0,0,6.57
BL,A,L,W,1,1,0,1,9.42
BL,BS,L,W,1,1,0,1,9.42
BL,BV,L,W,1,1,0,1,9.42
C,A,L,T,4,1,0,1,9.42
C,BV,L,T,4,1,0,NA,9.42
BL,A,L,W,1,1,1,1,6.57
BL,BS,L,W,1,1,1,0,6.57
BL,BV,L,W,1,1,1,0,6.57
C,A,L,W,10,1,1,0,6.57
A,A,L,R,6,0,0,0,10.25
A,BS,L,R,6,0,0,1,10.25
A,BV,L,R,6,0,0,0,10.25
C,A,L,R,1,0,0,1,10.25
C,BV,L,R,1,0,0,1,10.25
BL,A,L,W,1,1,0,1,5.33
BL,BS,L,W,1,1,0,1,5.33
BL,BV,L,W,1,1,0,1,5.33
BL,A,L,W,1,1,0,1,7.87
BL,BS,L,W,1,1,0,1,7.87
BL,BV,L,W,1,1,0,1,7.87
